event_key,event_time,event_type,planet,channel_start,channel_end,run_length,channels,min_delta_db,max_delta_db,mean_delta_db
1974-09-08 01:29:06.109|1974-09-08 01:29:08.034|DISAPPEARANCE,1974-09-08 01:29:08.034,DISAPPEARANCE,Fornax-A,2,4,3,"2,3,4",0.5452899860923023,0.7313892740576022,0.6599695622890206
1974-09-08 01:29:06.109|1974-09-08 01:29:08.034|DISAPPEARANCE,1974-09-08 01:29:08.034,DISAPPEARANCE,Fornax-A,7,9,3,"7,8,9",0.5240312993929854,2.7783596942978788,1.4983619207194205
1974-09-10 00:15:44.047|1974-09-10 00:18:07.811|REAPPEARANCE,1974-09-10 00:18:07.811,REAPPEARANCE,Fornax-A,2,9,8,"2,3,4,5,6,7,8,9",0.6568658778915923,6.808410801428259,2.3649467138092053
1974-09-10 12:40:19.366|1974-09-10 12:40:21.291|DISAPPEARANCE,1974-09-10 12:40:21.291,DISAPPEARANCE,Fornax-A,1,3,3,"1,2,3",1.161215771254847,3.0254036838155174,2.060655886944705
1974-09-10 13:25:15.028|1974-09-10 13:26:35.636|REAPPEARANCE,1974-09-10 13:26:35.636,REAPPEARANCE,Fornax-A,3,5,3,"3,4,5",1.3489987004066775,4.4068313245377135,2.5697753807598214
1974-09-10 16:22:16.253|1974-09-10 16:22:18.178|DISAPPEARANCE,1974-09-10 16:22:18.178,DISAPPEARANCE,Fornax-A,1,3,3,"1,2,3",1.088058997105508,3.0284524719617534,1.9998842245380015
1974-09-10 16:22:16.253|1974-09-10 16:22:18.178|DISAPPEARANCE,1974-09-10 16:22:18.178,DISAPPEARANCE,Fornax-A,5,8,4,"5,6,7,8",5.420352486503912,13.636507632213934,9.47204677438399
1974-09-11 00:00:01.332|1974-09-11 00:00:03.257|REAPPEARANCE,1974-09-11 00:00:03.257,REAPPEARANCE,Fornax-A,2,7,6,"2,3,4,5,6,7",1.0679146089061677,3.716355512188975,2.2582898943262375
1974-09-11 00:14:40.928|1974-09-11 00:17:04.655|DISAPPEARANCE,1974-09-11 00:17:04.655,DISAPPEARANCE,Fornax-A,2,7,6,"2,3,4,5,6,7",0.6899252353211129,6.269992482843567,2.908519827715695
1974-09-11 04:14:15.421|1974-09-11 04:14:17.346|REAPPEARANCE,1974-09-11 04:14:17.346,REAPPEARANCE,Fornax-A,1,5,5,"1,2,3,4,5",0.6589407988772984,5.442386898639099,3.2903101620653423
1974-09-11 10:51:52.832|1974-09-11 10:51:56.642|DISAPPEARANCE,1974-09-11 10:51:56.642,DISAPPEARANCE,Fornax-A,1,3,3,"1,2,3",3.400319736474949,5.284889655476851,4.238160625137158
1974-09-11 11:38:07.177|1974-09-11 11:38:09.102|REAPPEARANCE,1974-09-11 11:38:09.102,REAPPEARANCE,Fornax-A,1,4,4,"1,2,3,4",2.1193238916695827,4.672125831224231,3.533927586808291
1974-09-11 14:33:49.726|1974-09-11 14:33:53.536|DISAPPEARANCE,1974-09-11 14:33:53.536,DISAPPEARANCE,Fornax-A,1,3,3,"1,2,3",0.5286111814016319,1.2623588712300249,0.9120080890790764
1974-09-11 19:02:00.923|1974-09-11 19:02:02.848|REAPPEARANCE,1974-09-11 19:02:02.848,REAPPEARANCE,Fornax-A,5,7,3,"5,6,7",0.8724650933421385,1.5335146902362993,1.3116432033033476
1974-09-12 12:45:26.999|1974-09-12 12:45:28.924|DISAPPEARANCE,1974-09-12 12:45:28.924,DISAPPEARANCE,Fornax-A,4,6,3,"4,5,6",1.601578877329302,3.060474676128356,2.4675675237092847
1974-09-12 13:31:43.272|1974-09-12 13:31:45.197|REAPPEARANCE,1974-09-12 13:31:45.197,REAPPEARANCE,Fornax-A,2,6,5,"2,3,4,5,6",1.1438745766784386,4.282641308549535,2.8039124431266504
1974-09-12 16:27:23.917|1974-09-12 16:27:25.842|DISAPPEARANCE,1974-09-12 16:27:25.842,DISAPPEARANCE,Fornax-A,2,4,3,"2,3,4",1.2349720762366094,3.0535129898393887,2.066639391770218
1974-09-13 03:33:12.846|1974-09-13 03:33:14.771|DISAPPEARANCE,1974-09-13 03:33:14.771,DISAPPEARANCE,Fornax-A,1,3,3,"1,2,3",1.9970534688861403,4.640024105505796,2.9574483958726066
1974-09-13 04:19:29.066|1974-09-13 04:19:30.991|REAPPEARANCE,1974-09-13 04:19:30.991,REAPPEARANCE,Fornax-A,2,6,5,"2,3,4,5,6",0.6057357188456036,3.1938553778440064,1.3493819686075061
1974-09-13 10:57:04.404|1974-09-13 10:57:06.329|DISAPPEARANCE,1974-09-13 10:57:06.329,DISAPPEARANCE,Fornax-A,1,7,7,"1,2,3,4,5,6,7",0.5542746414535489,5.914822256623536,2.5561402538469076
1974-09-13 11:43:16.865|1974-09-13 11:43:20.675|REAPPEARANCE,1974-09-13 11:43:20.675,REAPPEARANCE,Fornax-A,6,9,4,"6,7,8,9",0.5030161173704389,2.757078909172545,1.4268872339145546
1974-09-13 15:25:19.488|1974-09-13 15:25:21.413|REAPPEARANCE,1974-09-13 15:25:21.413,REAPPEARANCE,Fornax-A,2,6,5,"2,3,4,5,6",0.6272356720097404,12.29557588466849,5.126836878842338
1974-09-14 16:32:47.250|1974-09-14 16:32:51.060|DISAPPEARANCE,1974-09-14 16:32:51.060,DISAPPEARANCE,Fornax-A,1,6,6,"1,2,3,4,5,6",1.8625976538119011,7.395223989334849,4.201356430965512
1974-09-14 20:14:44.084|1974-09-14 20:14:47.893|DISAPPEARANCE,1974-09-14 20:14:47.893,DISAPPEARANCE,Fornax-A,5,7,3,"5,6,7",0.5809100429358872,2.4393944808911807,1.3438407870799127
1974-09-14 23:56:40.970|1974-09-14 23:56:44.780|DISAPPEARANCE,1974-09-14 23:56:44.780,DISAPPEARANCE,Fornax-A,1,3,3,"1,2,3",0.7365034167013873,4.365278133023623,2.8452176832393525
1974-09-14 23:59:54.873|1974-09-14 23:59:56.798|REAPPEARANCE,1974-09-14 23:59:56.798,REAPPEARANCE,Fornax-A,1,5,5,"1,2,3,4,5",0.6320648804265917,4.511796082597542,2.0069908375848255
1974-09-15 00:42:49.541|1974-09-15 00:42:51.466|REAPPEARANCE,1974-09-15 00:42:51.466,REAPPEARANCE,Fornax-A,2,5,4,"2,3,4,5",0.6256576669790246,3.187411750445194,1.8531212288518006
1974-09-15 03:38:35.958|1974-09-15 03:38:37.883|DISAPPEARANCE,1974-09-15 03:38:37.883,DISAPPEARANCE,Fornax-A,5,9,5,"5,6,7,8,9",0.5169331012799879,1.5164894098019506,0.8504490122015081
1974-09-15 04:24:42.633|1974-09-15 04:24:46.442|REAPPEARANCE,1974-09-15 04:24:46.442,REAPPEARANCE,Fornax-A,3,5,3,"3,4,5",0.7104647026509826,3.365625258371989,1.8440906125332797
1974-09-15 07:20:32.819|1974-09-15 07:20:34.744|DISAPPEARANCE,1974-09-15 07:20:34.744,DISAPPEARANCE,Fornax-A,3,7,5,"3,4,5,6,7",2.0672222012374015,6.327177709971899,3.927112782679873
1974-09-15 22:08:20.362|1974-09-15 22:08:22.287|DISAPPEARANCE,1974-09-15 22:08:22.287,DISAPPEARANCE,Fornax-A,1,9,9,"1,2,3,4,5,6,7,8,9",1.1386845042657319,14.187672362519837,7.4869849212088155
1974-09-15 22:54:27.055|1974-09-15 22:54:30.865|REAPPEARANCE,1974-09-15 22:54:30.865,REAPPEARANCE,Fornax-A,7,9,3,"7,8,9",1.182341592778863,3.9297006884714447,2.10033032307032
1974-09-16 00:09:26.044|1974-09-16 00:11:49.530|REAPPEARANCE,1974-09-16 00:11:49.530,REAPPEARANCE,Fornax-A,1,5,5,"1,2,3,4,5",6.2341473821390805,7.258457706710743,6.715238720216064
1974-09-16 05:32:14.198|1974-09-16 05:32:16.123|DISAPPEARANCE,1974-09-16 05:32:16.123,DISAPPEARANCE,Fornax-A,5,8,4,"5,6,7,8",0.7510160650412957,4.060514350531166,2.088054576616183
1974-09-16 16:38:05.043|1974-09-16 16:38:06.968|DISAPPEARANCE,1974-09-16 16:38:06.968,DISAPPEARANCE,Fornax-A,2,5,4,"2,3,4,5",1.6851594540205983,7.173850901653599,3.729163686700275
1974-09-16 17:24:11.696|1974-09-16 17:24:15.506|REAPPEARANCE,1974-09-16 17:24:15.506,REAPPEARANCE,Fornax-A,2,4,3,"2,3,4",0.6387580460166903,0.7487591507761562,0.6897514776888664
1974-09-17 03:43:55.577|1974-09-17 03:43:57.502|DISAPPEARANCE,1974-09-17 03:43:57.502,DISAPPEARANCE,Fornax-A,2,4,3,"2,3,4",0.5284931705301138,0.57834498949842,0.5492560389560315
1974-09-17 11:53:56.097|1974-09-17 11:53:59.907|REAPPEARANCE,1974-09-17 11:53:59.907,REAPPEARANCE,Fornax-A,1,5,5,"1,2,3,4,5",1.1781387753708445,2.7266165867955294,1.9439304697666127
1974-09-17 14:49:46.311|1974-09-17 14:49:48.236|DISAPPEARANCE,1974-09-17 14:49:48.236,DISAPPEARANCE,Fornax-A,1,5,5,"1,2,3,4,5",0.7000889972151048,8.343905176384869,2.760801659817088
1974-09-18 00:00:05.960|1974-09-18 00:00:07.885|DISAPPEARANCE,1974-09-18 00:00:07.885,DISAPPEARANCE,Fornax-A,1,5,5,"1,2,3,4,5",1.9734594613584264,6.085341341392473,2.940296757829319
1974-09-18 02:41:43.641|1974-09-18 02:41:49.376|REAPPEARANCE,1974-09-18 02:41:49.376,REAPPEARANCE,Fornax-A,3,9,7,"3,4,5,6,7,8,9",0.503463231552541,3.9258532990557997,2.471206154499885
1974-09-18 09:19:28.954|1974-09-18 09:19:30.879|DISAPPEARANCE,1974-09-18 09:19:30.879,DISAPPEARANCE,Fornax-A,1,4,4,"1,2,3,4",0.5791637188569518,1.1418226932083115,0.9310040994375159
1974-09-18 10:05:37.560|1974-09-18 10:05:41.370|REAPPEARANCE,1974-09-18 10:05:41.370,REAPPEARANCE,Fornax-A,1,5,5,"1,2,3,4,5",0.7225499314866672,3.2775001687117933,2.3850953365131615
1974-09-18 16:43:22.800|1974-09-18 16:43:24.725|DISAPPEARANCE,1974-09-18 16:43:24.725,DISAPPEARANCE,Fornax-A,6,9,4,"6,7,8,9",0.6077429938672247,1.997288295284463,1.343441501265721
1974-09-18 21:11:28.322|1974-09-18 21:11:34.057|REAPPEARANCE,1974-09-18 21:11:34.057,REAPPEARANCE,Fornax-A,3,5,3,"3,4,5",0.5259723591593294,0.7078060338922197,0.6465057274067615
1974-09-19 11:13:07.433|1974-09-19 11:13:09.358|DISAPPEARANCE,1974-09-19 11:13:09.358,DISAPPEARANCE,Fornax-A,2,5,4,"2,3,4,5",0.6821348398141746,5.544708190001764,2.373336699247332
1974-09-19 11:59:16.044|1974-09-19 11:59:19.853|REAPPEARANCE,1974-09-19 11:59:19.853,REAPPEARANCE,Fornax-A,1,3,3,"1,2,3",0.596752824510206,1.553162126358304,0.9328864176815892
1974-09-20 05:42:52.374|1974-09-20 05:42:54.299|DISAPPEARANCE,1974-09-20 05:42:54.299,DISAPPEARANCE,Fornax-A,3,5,3,"3,4,5",1.5060415494811832,2.6969246100273825,2.2207632483269557
1974-09-21 15:00:22.722|1974-09-21 15:00:24.647|DISAPPEARANCE,1974-09-21 15:00:24.647,DISAPPEARANCE,Fornax-A,1,3,3,"1,2,3",0.7994792534714473,22.45532487919323,9.091221920346817
1974-09-28 13:27:39.833|1974-09-28 13:27:45.568|DISAPPEARANCE,1974-09-28 13:27:45.568,DISAPPEARANCE,Fornax-A,1,4,4,"1,2,3,4",0.5329908151712879,4.799963221616438,2.254818392545399
1974-09-28 17:55:49.174|1974-09-28 17:55:51.099|REAPPEARANCE,1974-09-28 17:55:51.099,REAPPEARANCE,Fornax-A,1,3,3,"1,2,3",0.5773481740807843,14.468462095647968,5.301670897749266
1974-10-01 15:26:34.172|1974-10-01 15:26:36.097|DISAPPEARANCE,1974-10-01 15:26:36.097,DISAPPEARANCE,Fornax-A,5,7,3,"5,6,7",0.5894914014266353,1.9067865260574672,1.358493092309504
1974-10-02 00:03:52.590|1974-10-02 00:03:53.800|DISAPPEARANCE,1974-10-02 00:03:53.800,DISAPPEARANCE,Fornax-A,3,5,3,"3,4,5",0.6155075778601183,0.9820277539486748,0.7900578256975805
1974-10-02 00:05:09.390|1974-10-02 00:05:10.599|DISAPPEARANCE,1974-10-02 00:05:10.599,DISAPPEARANCE,Fornax-A,4,7,4,"4,5,6,7",0.6209190032800188,5.087451617504495,1.8966138146141223
1974-10-02 00:05:24.750|1974-10-02 00:05:25.959|DISAPPEARANCE,1974-10-02 00:05:25.959,DISAPPEARANCE,Fornax-A,4,7,4,"4,5,6,7",0.8002204526335331,1.6654631969833578,1.2506225537079265
1974-10-02 00:06:41.550|1974-10-02 00:06:42.759|DISAPPEARANCE,1974-10-02 00:06:42.759,DISAPPEARANCE,Fornax-A,6,8,3,"6,7,8",1.0312390073504392,2.435225498324127,1.521301798711035
1974-10-02 00:06:56.194|1974-10-02 00:06:58.119|DISAPPEARANCE,1974-10-02 00:06:58.119,DISAPPEARANCE,Fornax-A,6,8,3,"6,7,8",1.0974408904585389,2.5770825372638315,1.6973698577734613
1974-10-02 00:07:11.553|1974-10-02 00:07:13.478|DISAPPEARANCE,1974-10-02 00:07:13.478,DISAPPEARANCE,Fornax-A,6,8,3,"6,7,8",1.0974408904585389,1.750283977714586,1.3271310190915668
1974-10-02 00:07:27.630|1974-10-02 00:07:28.838|DISAPPEARANCE,1974-10-02 00:07:28.838,DISAPPEARANCE,Fornax-A,6,8,3,"6,7,8",0.9087547778629763,2.194898103034616,1.4134581873045728
1974-10-04 02:37:50.140|1974-10-04 02:37:52.065|DISAPPEARANCE,1974-10-04 02:37:52.065,DISAPPEARANCE,Fornax-A,3,5,3,"3,4,5",0.6205755694999912,5.239879855801755,2.5182704347310847
1974-10-04 21:07:31.381|1974-10-04 21:07:33.306|DISAPPEARANCE,1974-10-04 21:07:33.306,DISAPPEARANCE,Fornax-A,6,8,3,"6,7,8",0.5271851673310001,4.423274101381752,2.1584796429191475
1974-10-05 16:23:21.198|1974-10-05 16:23:23.123|REAPPEARANCE,1974-10-05 16:23:23.123,REAPPEARANCE,Fornax-A,1,3,3,"1,2,3",5.400715389635966,8.392057850199633,6.490538744062282
1974-10-05 20:05:16.088|1974-10-05 20:05:18.013|REAPPEARANCE,1974-10-05 20:05:18.013,REAPPEARANCE,Fornax-A,7,9,3,"7,8,9",0.5433651820156731,1.100340843807831,0.874999877044267
1974-10-05 23:59:59.283|1974-10-06 00:00:01.208|DISAPPEARANCE,1974-10-06 00:00:01.208,DISAPPEARANCE,Fornax-A,6,9,4,"6,7,8,9",2.1821331735330194,8.560080356655691,4.538249424337576
1974-10-09 00:02:11.821|1974-10-09 00:02:14.995|REAPPEARANCE,1974-10-09 00:02:14.995,REAPPEARANCE,Fornax-A,5,7,3,"5,6,7",0.5695039924156385,2.5062033033951265,1.2796733953932262
1974-10-09 00:02:26.545|1974-10-09 00:02:27.181|REAPPEARANCE,1974-10-09 00:02:27.181,REAPPEARANCE,Fornax-A,5,7,3,"5,6,7",0.5695039924156385,2.441257623088554,1.2580248352910355
1974-10-09 00:02:41.904|1974-10-09 00:02:42.541|REAPPEARANCE,1974-10-09 00:02:42.541,REAPPEARANCE,Fornax-A,3,6,4,"3,4,5,6",0.5695039924156385,2.441257623088554,1.1835801967370607
1974-10-09 00:02:57.264|1974-10-09 00:02:57.901|REAPPEARANCE,1974-10-09 00:02:57.901,REAPPEARANCE,Fornax-A,3,5,3,"3,4,5",0.657139223635502,2.441257623088554,1.6096152849184726
1974-10-09 00:03:12.624|1974-10-09 00:03:13.261|REAPPEARANCE,1974-10-09 00:03:13.261,REAPPEARANCE,Fornax-A,3,5,3,"3,4,5",0.657139223635502,1.6633334382955085,1.1951698338643213
1974-10-09 00:05:00.143|1974-10-09 00:05:00.781|REAPPEARANCE,1974-10-09 00:05:00.781,REAPPEARANCE,Fornax-A,3,5,3,"3,4,5",1.597239302790738,3.292148205949377,2.3181334308118813
1974-10-09 23:59:52.946|1974-10-09 23:59:56.756|DISAPPEARANCE,1974-10-09 23:59:56.756,DISAPPEARANCE,Fornax-A,7,9,3,"7,8,9",0.7917423570918967,5.391720475998742,2.6838676215353883
1974-10-10 03:39:35.480|1974-10-10 03:39:37.405|REAPPEARANCE,1974-10-10 03:39:37.405,REAPPEARANCE,Fornax-A,6,9,4,"6,7,8,9",0.7333348647377335,13.022435383563282,4.71506673566868
1974-10-12 17:45:59.208|1974-10-12 17:46:01.133|DISAPPEARANCE,1974-10-12 17:46:01.133,DISAPPEARANCE,Fornax-A,1,5,5,"1,2,3,4,5",0.5774598087763776,4.678954966612695,2.204775730228923
1974-10-19 00:14:34.461|1974-10-19 00:16:57.558|REAPPEARANCE,1974-10-19 00:16:57.558,REAPPEARANCE,Fornax-A,2,4,3,"2,3,4",1.037494172883698,2.0033755500458104,1.3635574139811089
1974-10-22 10:47:31.108|1974-10-22 10:47:33.033|DISAPPEARANCE,1974-10-22 10:47:33.033,DISAPPEARANCE,Fornax-A,1,3,3,"1,2,3",0.8288035984384043,3.774188814760266,2.280557265703563
1974-10-23 17:09:15.140|1974-10-23 17:09:17.065|REAPPEARANCE,1974-10-23 17:09:17.065,REAPPEARANCE,Fornax-A,7,9,3,"7,8,9",0.7720978734467656,3.482174990773361,2.2389106501515124
1974-10-25 00:00:02.386|1974-10-25 00:00:04.311|DISAPPEARANCE,1974-10-25 00:00:04.311,DISAPPEARANCE,Fornax-A,2,5,4,"2,3,4,5",0.76298967796692,10.553464484958228,3.793586358234349
1974-10-25 00:08:18.264|1974-10-25 00:10:41.721|REAPPEARANCE,1974-10-25 00:10:41.721,REAPPEARANCE,Fornax-A,1,4,4,"1,2,3,4",0.5471887285863759,16.004747595358065,4.889875020768301
1974-10-26 00:07:15.340|1974-10-26 00:09:38.873|DISAPPEARANCE,1974-10-26 00:09:38.873,DISAPPEARANCE,Fornax-A,1,3,3,"1,2,3",1.9405940854569772,8.529231850142718,4.1379103414900715
1974-10-27 20:14:54.836|1974-10-27 20:14:56.761|DISAPPEARANCE,1974-10-27 20:14:56.761,DISAPPEARANCE,Fornax-A,7,9,3,"7,8,9",1.1243526294045456,1.5388141815437526,1.3037086104722688
1974-10-29 09:14:15.859|1974-10-29 09:14:19.669|DISAPPEARANCE,1974-10-29 09:14:19.669,DISAPPEARANCE,Fornax-A,1,3,3,"1,2,3",0.7083231601974455,3.3771547995591815,1.6772260215577983
1974-10-29 20:20:04.496|1974-10-29 20:20:06.421|DISAPPEARANCE,1974-10-29 20:20:06.421,DISAPPEARANCE,Fornax-A,6,8,3,"6,7,8",0.5684848114753065,0.9901716336711976,0.8178085268970099
1974-11-02 20:30:09.346|1974-11-02 20:30:11.271|DISAPPEARANCE,1974-11-02 20:30:11.271,DISAPPEARANCE,Fornax-A,6,9,4,"6,7,8,9",0.7126629293884825,4.761696998239843,2.423424282749415
1974-11-05 00:16:24.426|1974-11-05 00:18:48.832|DISAPPEARANCE,1974-11-05 00:18:48.832,DISAPPEARANCE,Fornax-A,2,6,5,"2,3,4,5,6",0.5231746796019908,5.565313370651415,1.986795058323834
1974-11-06 13:16:03.937|1974-11-06 13:16:05.862|DISAPPEARANCE,1974-11-06 13:16:05.862,DISAPPEARANCE,Fornax-A,2,4,3,"2,3,4",0.5585091296331921,6.1558409399686305,4.0375333482826035
1974-11-06 14:02:25.957|1974-11-06 14:02:27.882|REAPPEARANCE,1974-11-06 14:02:27.882,REAPPEARANCE,Fornax-A,5,7,3,"5,6,7",5.803113316539702,9.96327317975177,7.68876111947701
1974-11-08 17:49:13.024|1974-11-08 17:49:16.834|REAPPEARANCE,1974-11-08 17:49:16.834,REAPPEARANCE,Fornax-A,1,3,3,"1,2,3",1.6464337024114095,2.6022193916426115,2.0380207303404876
1974-11-10 23:59:51.755|1974-11-10 23:59:53.680|DISAPPEARANCE,1974-11-10 23:59:53.680,DISAPPEARANCE,Fornax-A,2,5,4,"2,3,4,5",0.5689035840154274,1.048482786392888,0.7669336923783607
1974-11-13 00:00:04.942|1974-11-13 00:00:06.867|DISAPPEARANCE,1974-11-13 00:00:06.867,DISAPPEARANCE,Fornax-A,2,5,4,"2,3,4,5",0.9508218422396797,1.6619971649323515,1.3113949113049284
1974-11-16 23:59:52.147|1974-11-16 23:59:54.072|DISAPPEARANCE,1974-11-16 23:59:54.072,DISAPPEARANCE,Fornax-A,3,5,3,"3,4,5",0.8108829930300625,1.9549359456409015,1.5269145272394598
1974-11-18 02:39:38.921|1974-11-18 02:39:40.846|DISAPPEARANCE,1974-11-18 02:39:40.846,DISAPPEARANCE,Fornax-A,1,3,3,"1,2,3",0.9266937266268835,6.345624959243915,4.383238271880263
1974-11-18 10:03:32.293|1974-11-18 10:03:34.218|DISAPPEARANCE,1974-11-18 10:03:34.218,DISAPPEARANCE,Fornax-A,1,4,4,"1,2,3,4",1.0400183597987482,6.276079326316939,3.1447265831889033
1974-11-18 13:45:28.902|1974-11-18 13:45:30.827|DISAPPEARANCE,1974-11-18 13:45:30.827,DISAPPEARANCE,Fornax-A,2,7,6,"2,3,4,5,6,7",2.41825062210136,6.014230111721597,3.863990493559547
1974-11-19 00:51:17.132|1974-11-19 00:51:19.057|DISAPPEARANCE,1974-11-19 00:51:19.057,DISAPPEARANCE,Fornax-A,2,4,3,"2,3,4",1.7773850736348076,5.06562431421748,3.349515778980783
1974-11-19 09:01:22.893|1974-11-19 09:01:24.818|REAPPEARANCE,1974-11-19 09:01:24.818,REAPPEARANCE,Fornax-A,7,9,3,"7,8,9",0.5064953564565754,3.6472037242710185,1.7934666896425828
1974-11-19 11:56:49.999|1974-11-19 11:56:51.924|DISAPPEARANCE,1974-11-19 11:56:51.924,DISAPPEARANCE,Fornax-A,1,4,4,"1,2,3,4",0.5594524099343329,6.012130905046923,2.3064899012442246
1974-11-19 23:02:09.435|1974-11-19 23:02:11.360|DISAPPEARANCE,1974-11-19 23:02:11.360,DISAPPEARANCE,Fornax-A,2,4,3,"2,3,4",2.880317194059831,3.8848258635533077,3.4676028823495755
1974-11-20 02:24:27.249|1974-11-20 02:24:29.174|REAPPEARANCE,1974-11-20 02:24:29.174,REAPPEARANCE,Fornax-A,2,5,4,"2,3,4,5",1.7062956445955237,6.3049738198527265,3.3802045275736017
1974-11-20 09:02:00.605|1974-11-20 09:02:02.530|DISAPPEARANCE,1974-11-20 09:02:02.530,DISAPPEARANCE,Fornax-A,2,8,7,"2,3,4,5,6,7,8",0.6752009702888933,3.2961743408761377,1.5759316855501384
1974-11-20 16:25:46.382|1974-11-20 16:25:48.307|DISAPPEARANCE,1974-11-20 16:25:48.307,DISAPPEARANCE,Fornax-A,3,5,3,"3,4,5",0.6548525718056808,0.9829752114610358,0.7862683969077233
1974-11-20 17:11:58.803|1974-11-20 17:12:00.728|REAPPEARANCE,1974-11-20 17:12:00.728,REAPPEARANCE,Fornax-A,1,3,3,"1,2,3",0.6908042096203475,2.6758800429762757,1.9568179093652416
1974-11-21 07:59:26.537|1974-11-21 07:59:36.122|REAPPEARANCE,1974-11-21 07:59:36.122,REAPPEARANCE,Fornax-A,7,9,3,"7,8,9",0.5969019493610848,0.6921492581317981,0.6603880239963164
1974-11-22 00:01:48.995|1974-11-22 00:01:50.548|REAPPEARANCE,1974-11-22 00:01:50.548,REAPPEARANCE,Fornax-A,3,5,3,"3,4,5",0.6689635718336977,1.1497318175185869,0.8766742885611553
1974-11-22 00:05:39.389|1974-11-22 00:05:40.942|REAPPEARANCE,1974-11-22 00:05:40.942,REAPPEARANCE,Fornax-A,2,4,3,"2,3,4",0.5658596781640621,1.0568343696282063,0.8308198520866146
1974-11-22 00:11:01.940|1974-11-22 00:11:03.494|REAPPEARANCE,1974-11-22 00:11:03.494,REAPPEARANCE,Fornax-A,2,4,3,"2,3,4",0.8442738118026981,1.2740143958185883,1.056728682751807
1974-11-22 00:11:17.300|1974-11-22 00:11:18.854|REAPPEARANCE,1974-11-22 00:11:18.854,REAPPEARANCE,Fornax-A,2,4,3,"2,3,4",0.5648783678626985,1.2740143958185883,0.9411265942657714
1974-11-22 00:12:18.738|1974-11-22 00:12:20.292|REAPPEARANCE,1974-11-22 00:12:20.292,REAPPEARANCE,Fornax-A,3,5,3,"3,4,5",0.5171950379521925,0.6961680887971001,0.6010824896509857
1974-11-23 00:40:08.756|1974-11-23 00:40:10.681|REAPPEARANCE,1974-11-23 00:40:10.681,REAPPEARANCE,Fornax-A,1,4,4,"1,2,3,4",0.563374141567249,6.89106473825997,3.880345916011769
1974-11-23 14:41:28.047|1974-11-23 14:41:29.972|DISAPPEARANCE,1974-11-23 14:41:29.972,DISAPPEARANCE,Fornax-A,6,8,3,"6,7,8",0.7887555837875472,3.563470382661486,2.2866629004295898
1974-11-24 18:28:13.695|1974-11-24 18:28:15.620|REAPPEARANCE,1974-11-24 18:28:15.620,REAPPEARANCE,Fornax-A,3,8,6,"3,4,5,6,7,8",0.6247753876080355,8.386222705083284,4.332212108492674
1974-11-25 19:35:07.945|1974-11-25 19:35:09.870|DISAPPEARANCE,1974-11-25 19:35:09.870,DISAPPEARANCE,Fornax-A,6,9,4,"6,7,8,9",0.639924062109742,3.492708680014272,2.0331960856235938
1974-11-28 17:51:35.825|1974-11-28 17:51:37.750|DISAPPEARANCE,1974-11-28 17:51:37.750,DISAPPEARANCE,Fornax-A,5,9,5,"5,6,7,8,9",0.6557448810675393,7.350290168164322,2.952463052130007
1974-11-29 01:15:25.620|1974-11-29 01:15:27.545|DISAPPEARANCE,1974-11-29 01:15:27.545,DISAPPEARANCE,Fornax-A,7,9,3,"7,8,9",0.8298463975129238,2.4894623814719457,1.8090269089220774
1974-11-29 19:45:00.211|1974-11-29 19:45:05.946|DISAPPEARANCE,1974-11-29 19:45:05.946,DISAPPEARANCE,Fornax-A,1,3,3,"1,2,3",0.7283027197593501,8.397825668791967,3.3019148827904616
1974-11-30 18:42:40.932|1974-11-30 18:43:05.877|REAPPEARANCE,1974-11-30 18:43:05.877,REAPPEARANCE,Fornax-A,3,5,3,"3,4,5",0.5836677030092701,1.5195735077196337,1.0499566019008169
1974-12-01 02:06:48.202|1974-12-01 02:06:50.127|REAPPEARANCE,1974-12-01 02:06:50.127,REAPPEARANCE,Fornax-A,6,8,3,"6,7,8",1.2364215424302827,20.532796217104895,9.6039220355135
1974-12-01 13:12:34.487|1974-12-01 13:12:36.412|REAPPEARANCE,1974-12-01 13:12:36.412,REAPPEARANCE,Fornax-A,6,9,4,"6,7,8,9",0.6778062903618391,3.1119242299221614,1.6298779387803515
1974-12-02 15:05:38.007|1974-12-02 15:05:41.817|REAPPEARANCE,1974-12-02 15:05:41.817,REAPPEARANCE,Fornax-A,7,9,3,"7,8,9",1.5044964080721412,2.711588868109782,1.978925457900963
1974-12-02 22:28:39.880|1974-12-02 22:28:41.805|REAPPEARANCE,1974-12-02 22:28:41.805,REAPPEARANCE,Fornax-A,6,9,4,"6,7,8,9",0.6842516084979358,3.7518468597811694,1.799708817471747
1974-12-03 23:59:59.181|1974-12-04 00:00:01.106|REAPPEARANCE,1974-12-04 00:00:01.106,REAPPEARANCE,Fornax-A,6,8,3,"6,7,8",0.7955490251317876,3.7088408164782716,2.2505673277830662
1974-12-04 00:05:12.006|1974-12-04 00:07:36.120|DISAPPEARANCE,1974-12-04 00:07:36.120,DISAPPEARANCE,Fornax-A,6,8,3,"6,7,8",1.6263553529744716,3.84641955441499,2.9207296773498874
1974-12-04 03:18:07.543|1974-12-04 03:18:09.468|DISAPPEARANCE,1974-12-04 03:18:09.468,DISAPPEARANCE,Fornax-A,1,3,3,"1,2,3",0.5011397212806776,6.032362411876014,2.41792333252239
1974-12-04 21:47:05.497|1974-12-04 21:47:07.422|DISAPPEARANCE,1974-12-04 21:47:07.422,DISAPPEARANCE,Fornax-A,6,8,3,"6,7,8",1.3778179012962966,4.124018143221414,2.865147110199951
1974-12-07 00:02:01.094|1974-12-07 00:04:25.696|REAPPEARANCE,1974-12-07 00:04:25.696,REAPPEARANCE,Fornax-A,7,9,3,"7,8,9",0.7363917080694589,2.572728450518262,1.946956136496972
1974-12-14 00:14:14.958|1974-12-14 00:16:39.951|DISAPPEARANCE,1974-12-14 00:16:39.951,DISAPPEARANCE,Fornax-A,1,5,5,"1,2,3,4,5",0.5983486674523797,4.889877430399217,2.5459814068497093
1974-12-16 11:10:38.536|1974-12-16 11:10:40.461|DISAPPEARANCE,1974-12-16 11:10:40.461,DISAPPEARANCE,Fornax-A,2,4,3,"2,3,4",0.5125155839028875,0.5990962487390211,0.56423200070894
1974-12-16 14:52:31.448|1974-12-16 14:52:35.257|DISAPPEARANCE,1974-12-16 14:52:35.257,DISAPPEARANCE,Fornax-A,2,4,3,"2,3,4",0.5510495917278702,0.6537721463581926,0.6012114135056287
1974-12-17 00:09:37.229|1974-12-17 00:09:39.154|DISAPPEARANCE,1974-12-17 00:09:39.154,DISAPPEARANCE,Fornax-A,3,5,3,"3,4,5",0.5465514163116694,4.168025704544931,1.9868694626889865
1974-12-18 14:57:12.533|1974-12-18 14:57:14.458|DISAPPEARANCE,1974-12-18 14:57:14.458,DISAPPEARANCE,Fornax-A,1,5,5,"1,2,3,4,5",0.5315015031699071,8.80901653081729,2.9497169930920037
1974-12-22 08:29:51.535|1974-12-22 08:29:53.460|REAPPEARANCE,1974-12-22 08:29:53.460,REAPPEARANCE,Fornax-A,1,3,3,"1,2,3",0.5809597509949724,1.24108919510789,0.8318822000574059
1974-12-27 13:28:07.990|1974-12-27 13:28:09.915|DISAPPEARANCE,1974-12-27 13:28:09.915,DISAPPEARANCE,Fornax-A,7,9,3,"7,8,9",0.8835191574502187,5.7237308068103925,3.174547301049231
1974-12-27 17:10:02.800|1974-12-27 17:10:04.725|DISAPPEARANCE,1974-12-27 17:10:04.725,DISAPPEARANCE,Fornax-A,6,8,3,"6,7,8",1.3006191510986487,3.7756091460116448,2.4958511444223075
1974-12-30 19:08:03.510|1974-12-30 19:08:07.319|DISAPPEARANCE,1974-12-30 19:08:07.319,DISAPPEARANCE,Fornax-A,6,9,4,"6,7,8,9",0.5350012423465127,2.5968469308422315,1.2820452302140877
1974-12-31 18:06:16.927|1974-12-31 18:06:18.852|REAPPEARANCE,1974-12-31 18:06:18.852,REAPPEARANCE,Fornax-A,1,4,4,"1,2,3,4",0.8108026503593773,14.925169747869433,4.843128497520235
1975-01-03 00:48:03.910|1975-01-03 00:48:05.835|DISAPPEARANCE,1975-01-03 00:48:05.835,DISAPPEARANCE,Fornax-A,4,6,3,"4,5,6",1.062985611964192,5.490397983403991,2.76495545158023
1975-01-06 22:02:39.220|1975-01-06 22:02:41.145|REAPPEARANCE,1975-01-06 22:02:41.145,REAPPEARANCE,Fornax-A,7,9,3,"7,8,9",0.7762775167302212,1.2782732111468433,1.0182416396663523
1975-01-07 19:27:06.084|1975-01-07 19:27:08.009|DISAPPEARANCE,1975-01-07 19:27:08.009,DISAPPEARANCE,Fornax-A,3,5,3,"3,4,5",0.8040325316633055,0.9546833425788319,0.9019179173341344
1975-01-08 10:14:46.755|1975-01-08 10:14:48.680|DISAPPEARANCE,1975-01-08 10:14:48.680,DISAPPEARANCE,Fornax-A,2,4,3,"2,3,4",0.5336569894072039,0.8310008078085132,0.6888770371184609
1975-01-10 23:59:50.768|1975-01-10 23:59:52.693|DISAPPEARANCE,1975-01-10 23:59:52.693,DISAPPEARANCE,Fornax-A,2,5,4,"2,3,4,5",0.8660043219465775,1.3430876520454653,1.0426400297168201
1975-01-11 00:02:43.706|1975-01-11 00:05:09.465|REAPPEARANCE,1975-01-11 00:05:09.465,REAPPEARANCE,Fornax-A,2,5,4,"2,3,4,5",0.6670412480127218,2.245522245246626,1.3853018376963098
1975-01-12 06:42:27.014|1975-01-12 06:42:28.939|DISAPPEARANCE,1975-01-12 06:42:28.939,DISAPPEARANCE,Fornax-A,5,8,4,"5,6,7,8",0.6654063825310564,3.004782035713612,1.6891416643648114
1975-01-14 03:05:36.922|1975-01-14 03:05:40.732|DISAPPEARANCE,1975-01-14 03:05:40.732,DISAPPEARANCE,Fornax-A,1,5,5,"1,2,3,4,5",1.452760627866319,9.299400196373659,5.447732279946687
1975-01-15 04:58:56.901|1975-01-15 04:59:00.711|DISAPPEARANCE,1975-01-15 04:59:00.711,DISAPPEARANCE,Fornax-A,1,3,3,"1,2,3",0.5863261539955056,2.8821372728849837,1.3520759943108172
1975-01-16 11:21:10.236|1975-01-16 11:21:12.161|REAPPEARANCE,1975-01-16 11:21:12.161,REAPPEARANCE,Fornax-A,2,4,3,"2,3,4",0.5205705571365994,0.7493478734122476,0.6556817489483255
1975-01-17 08:45:48.577|1975-01-17 08:45:50.502|DISAPPEARANCE,1975-01-17 08:45:50.502,DISAPPEARANCE,Fornax-A,1,4,4,"1,2,3,4",0.5851825503373355,11.019416428592134,3.2988133718442096
1975-01-18 00:20:26.610|1975-01-18 00:20:28.535|REAPPEARANCE,1975-01-18 00:20:28.535,REAPPEARANCE,Fornax-A,1,3,3,"1,2,3",1.9378842901648814,2.6840512978856528,2.281633951896542
1975-01-18 06:57:21.142|1975-01-18 06:57:23.067|DISAPPEARANCE,1975-01-18 06:57:23.067,DISAPPEARANCE,Fornax-A,7,9,3,"7,8,9",0.7066046282904184,3.531383707019233,1.8148713629353719
1975-01-18 10:39:15.726|1975-01-18 10:39:17.651|DISAPPEARANCE,1975-01-18 10:39:17.651,DISAPPEARANCE,Fornax-A,2,4,3,"2,3,4",0.6372654665028131,2.31255559670324,1.226371308821984
1975-01-20 04:07:02.542|1975-01-20 04:07:04.467|REAPPEARANCE,1975-01-20 04:07:04.467,REAPPEARANCE,Fornax-A,1,3,3,"1,2,3",1.2005820391020632,13.4860091914673,8.890426814633125
1975-01-20 18:07:55.139|1975-01-20 18:08:02.839|DISAPPEARANCE,1975-01-20 18:08:02.839,DISAPPEARANCE,Fornax-A,6,8,3,"6,7,8",0.7208890870148572,3.7498670111856085,1.8087146443343844
1975-01-21 05:13:44.483|1975-01-21 05:13:46.408|DISAPPEARANCE,1975-01-21 05:13:46.408,DISAPPEARANCE,Fornax-A,1,3,3,"1,2,3",0.5582762147479149,1.1540250348161167,0.8157719447048829
1975-01-21 16:19:31.874|1975-01-21 16:19:33.799|DISAPPEARANCE,1975-01-21 16:19:33.799,DISAPPEARANCE,Fornax-A,7,9,3,"7,8,9",0.7282181246969139,1.1365606081377402,0.8717507920454152
1975-01-23 13:29:22.050|1975-01-23 13:29:23.975|REAPPEARANCE,1975-01-23 13:29:23.975,REAPPEARANCE,Fornax-A,1,3,3,"1,2,3",1.1263197731466514,14.391519478619179,6.4290760813745385
1975-01-23 16:24:23.988|1975-01-23 16:24:27.797|DISAPPEARANCE,1975-01-23 16:24:27.797,DISAPPEARANCE,Fornax-A,7,9,3,"7,8,9",2.431760942261473,6.320789479789264,3.8368939847868284
1975-01-23 20:06:20.424|1975-01-23 20:06:24.233|DISAPPEARANCE,1975-01-23 20:06:24.233,DISAPPEARANCE,Fornax-A,7,9,3,"7,8,9",1.25510890986967,2.226104906660259,1.6644460960852785
1975-01-28 00:03:10.920|1975-01-28 00:05:39.855|DISAPPEARANCE,1975-01-28 00:05:39.855,DISAPPEARANCE,Fornax-A,4,6,3,"4,5,6",0.7545559373836501,6.032728253942741,2.661312299101735
1975-01-28 03:39:51.261|1975-01-28 03:39:55.070|DISAPPEARANCE,1975-01-28 03:39:55.070,DISAPPEARANCE,Fornax-A,6,8,3,"6,7,8",1.0794824118280641,3.7917022757459766,2.4065791730274277
1975-01-28 08:08:45.988|1975-01-28 08:08:47.913|REAPPEARANCE,1975-01-28 08:08:47.913,REAPPEARANCE,Fornax-A,2,5,4,"2,3,4,5",0.6119312076961836,7.136470356739723,2.987914254385004
1975-01-28 18:27:32.746|1975-01-28 18:27:34.671|DISAPPEARANCE,1975-01-28 18:27:34.671,DISAPPEARANCE,Fornax-A,6,8,3,"6,7,8",0.9336841806376313,1.6848196086417113,1.291425110551532
1975-01-29 16:39:01.656|1975-01-29 16:39:03.581|DISAPPEARANCE,1975-01-29 16:39:03.581,DISAPPEARANCE,Fornax-A,4,6,3,"4,5,6",0.5016980395987143,2.3816287619345013,1.2602467000937836
1975-01-31 23:59:04.223|1975-01-31 23:59:08.032|DISAPPEARANCE,1975-01-31 23:59:08.032,DISAPPEARANCE,Fornax-A,1,3,3,"1,2,3",0.9467434690555167,1.4260848120723113,1.1902288022046756
1975-01-31 23:59:04.223|1975-01-31 23:59:08.032|DISAPPEARANCE,1975-01-31 23:59:08.032,DISAPPEARANCE,Fornax-A,5,7,3,"5,6,7",0.5124966121350498,3.8295715115040956,1.7820899934979835
1975-02-01 23:59:57.916|1975-02-01 23:59:59.841|REAPPEARANCE,1975-02-01 23:59:59.841,REAPPEARANCE,Fornax-A,1,3,3,"1,2,3",1.4212852191724192,8.584728587610691,4.40644496672109
1975-02-02 02:01:14.204|1975-02-02 02:01:16.129|DISAPPEARANCE,1975-02-02 02:01:16.129,DISAPPEARANCE,Fornax-A,1,6,6,"1,2,3,4,5,6",0.55801475014129,1.157342118376787,0.8711147436339486
1975-02-02 17:35:55.505|1975-02-02 17:36:01.239|REAPPEARANCE,1975-02-02 17:36:01.239,REAPPEARANCE,Fornax-A,1,3,3,"1,2,3",0.6847349253337585,2.794988569026113,1.5543235255660328
1975-02-03 07:36:34.304|1975-02-03 07:36:40.038|DISAPPEARANCE,1975-02-03 07:36:40.038,DISAPPEARANCE,Fornax-A,1,3,3,"1,2,3",0.6637295747293739,7.284372918201535,2.9362807988926076
1975-02-03 11:18:28.632|1975-02-03 11:18:30.557|DISAPPEARANCE,1975-02-03 11:18:30.557,DISAPPEARANCE,Fornax-A,1,3,3,"1,2,3",0.6464380563458176,3.4309850349602433,2.4941653249545888
1975-02-03 18:42:19.031|1975-02-03 18:42:20.956|DISAPPEARANCE,1975-02-03 18:42:20.956,DISAPPEARANCE,Fornax-A,2,5,4,"2,3,4,5",0.5325135176297964,0.7055853310626043,0.6258733577610616
1975-02-04 13:11:43.042|1975-02-04 13:11:44.967|DISAPPEARANCE,1975-02-04 13:11:44.967,DISAPPEARANCE,Fornax-A,1,4,4,"1,2,3,4",0.5546394074872811,9.327231701796258,3.3011352621634797
1975-02-06 00:00:01.473|1975-02-06 00:00:03.398|REAPPEARANCE,1975-02-06 00:00:03.398,REAPPEARANCE,Fornax-A,2,5,4,"2,3,4,5",0.8808591450930501,2.321734996018258,1.682156274402944
1975-02-06 23:59:49.946|1975-02-06 23:59:51.871|DISAPPEARANCE,1975-02-06 23:59:51.871,DISAPPEARANCE,Fornax-A,2,9,8,"2,3,4,5,6,7,8,9",0.5613200116590553,3.6615949861665635,1.5772797500278077
1975-02-07 04:04:36.959|1975-02-07 04:04:38.884|DISAPPEARANCE,1975-02-07 04:04:38.884,DISAPPEARANCE,Fornax-A,2,4,3,"2,3,4",0.6347568831436202,1.006496330939103,0.7701773805818884
1975-02-07 22:34:23.883|1975-02-07 22:34:25.808|DISAPPEARANCE,1975-02-07 22:34:25.808,DISAPPEARANCE,Fornax-A,1,4,4,"1,2,3,4",0.5344115770102792,3.070630756299606,1.2210764589378826
1975-02-08 00:00:05.264|1975-02-08 00:00:07.189|REAPPEARANCE,1975-02-08 00:00:07.189,REAPPEARANCE,Fornax-A,2,7,6,"2,3,4,5,6,7",1.4372894672308003,12.848191644420965,5.07234180339574
1975-02-09 00:27:28.655|1975-02-09 00:27:32.464|DISAPPEARANCE,1975-02-09 00:27:32.464,DISAPPEARANCE,Fornax-A,4,8,5,"4,5,6,7,8",0.8776171876549331,4.290601218231595,2.4472701727119746
1975-02-09 04:09:24.863|1975-02-09 04:09:28.672|DISAPPEARANCE,1975-02-09 04:09:28.672,DISAPPEARANCE,Fornax-A,5,7,3,"5,6,7",1.1479368659580138,5.2938633192458635,3.0193765969658135
1975-02-10 17:55:37.831|1975-02-10 17:55:41.640|REAPPEARANCE,1975-02-10 17:55:41.640,REAPPEARANCE,Fornax-A,2,4,3,"2,3,4",1.0934472917307463,2.066792410849592,1.4762633936373308
1975-02-13 00:00:02.649|1975-02-13 00:00:04.574|DISAPPEARANCE,1975-02-13 00:00:04.574,DISAPPEARANCE,Fornax-A,1,5,5,"1,2,3,4,5",1.2701384670560165,4.805446450697657,2.2970257463022485
1975-02-13 00:37:34.682|1975-02-13 00:37:38.491|DISAPPEARANCE,1975-02-13 00:37:38.491,DISAPPEARANCE,Fornax-A,1,3,3,"1,2,3",0.5291772444148503,1.8049936201989911,0.9739166939706846
1975-02-16 13:42:07.906|1975-02-16 13:42:11.715|DISAPPEARANCE,1975-02-16 13:42:11.715,DISAPPEARANCE,Fornax-A,1,3,3,"1,2,3",1.2361724716578912,22.198509837044227,8.784501683837508
1975-02-20 17:34:10.611|1975-02-20 17:34:16.345|DISAPPEARANCE,1975-02-20 17:34:16.345,DISAPPEARANCE,Fornax-A,7,9,3,"7,8,9",1.2859360260713113,4.01648510911103,2.5645606932702116
1975-02-20 21:16:06.848|1975-02-20 21:16:10.657|DISAPPEARANCE,1975-02-20 21:16:10.657,DISAPPEARANCE,Fornax-A,7,9,3,"7,8,9",1.264137515942959,2.6774133485692335,1.8048048078039598
1975-02-21 00:00:06.183|1975-02-21 00:00:08.108|REAPPEARANCE,1975-02-21 00:00:08.108,REAPPEARANCE,Fornax-A,6,9,4,"6,7,8,9",0.9320441201828524,2.679237198505771,1.5440715555261924
1975-02-21 08:21:55.519|1975-02-21 08:21:59.328|DISAPPEARANCE,1975-02-21 08:21:59.328,DISAPPEARANCE,Fornax-A,1,3,3,"1,2,3",1.6337098297698582,2.654170318146172,2.2354780151264206
1975-02-23 01:50:18.102|1975-02-23 01:50:20.027|REAPPEARANCE,1975-02-23 01:50:20.027,REAPPEARANCE,Fornax-A,7,9,3,"7,8,9",0.5611995370366063,0.7163537703914026,0.6509236819599322
1975-02-24 18:31:19.298|1975-02-24 18:31:21.223|REAPPEARANCE,1975-02-24 18:31:21.223,REAPPEARANCE,Fornax-A,1,3,3,"1,2,3",1.6977378285003588,6.627344739672254,3.9984868662680437
1975-02-25 08:31:54.286|1975-02-25 08:31:56.211|DISAPPEARANCE,1975-02-25 08:31:56.211,DISAPPEARANCE,Fornax-A,2,5,4,"2,3,4,5",1.0700362684802225,3.4222879250593707,2.051605097982338
1975-02-27 16:00:49.966|1975-02-27 16:00:53.775|DISAPPEARANCE,1975-02-27 16:00:53.775,DISAPPEARANCE,Fornax-A,1,3,3,"1,2,3",0.8289047880059454,6.4422655744907455,2.991122017652044
1975-03-02 14:17:34.339|1975-03-02 14:17:36.264|DISAPPEARANCE,1975-03-02 14:17:36.264,DISAPPEARANCE,Fornax-A,1,3,3,"1,2,3",0.5697710225369716,14.276335348328068,5.80816293343499
1975-03-02 17:59:30.590|1975-03-02 17:59:32.515|DISAPPEARANCE,1975-03-02 17:59:32.515,DISAPPEARANCE,Fornax-A,2,4,3,"2,3,4",0.5716543801594575,0.9104798996046035,0.7043166560728832
1975-03-02 21:41:26.824|1975-03-02 21:41:28.749|DISAPPEARANCE,1975-03-02 21:41:28.749,DISAPPEARANCE,Fornax-A,6,9,4,"6,7,8,9",0.6254577204031033,3.6563093142684524,1.9189992388963308
1975-03-05 19:58:11.105|1975-03-05 19:58:14.955|DISAPPEARANCE,1975-03-05 19:58:14.955,DISAPPEARANCE,Fornax-A,1,3,3,"1,2,3",1.068507051277435,13.348183724508171,8.795766247330128
1975-03-13 05:31:20.751|1975-03-13 05:31:22.676|DISAPPEARANCE,1975-03-13 05:31:22.676,DISAPPEARANCE,Fornax-A,7,9,3,"7,8,9",0.5359141835745306,1.1961271106009208,0.7756791442221429
1975-03-17 00:00:49.823|1975-03-17 00:00:51.748|DISAPPEARANCE,1975-03-17 00:00:51.748,DISAPPEARANCE,Fornax-A,2,4,3,"2,3,4",0.6233387539700151,1.8990902885869032,1.3950390288181955
1975-03-17 00:01:05.182|1975-03-17 00:01:07.107|DISAPPEARANCE,1975-03-17 00:01:07.107,DISAPPEARANCE,Fornax-A,1,4,4,"1,2,3,4",0.8284987816396778,3.7751099397314647,2.080520153871149
1975-03-17 00:01:20.540|1975-03-17 00:01:22.465|DISAPPEARANCE,1975-03-17 00:01:22.465,DISAPPEARANCE,Fornax-A,1,4,4,"1,2,3,4",1.4672859669132163,2.562423809475651,1.8957127080896348
1975-03-17 00:01:35.899|1975-03-17 00:01:37.824|DISAPPEARANCE,1975-03-17 00:01:37.824,DISAPPEARANCE,Fornax-A,1,4,4,"1,2,3,4",0.9023941918319417,1.8418970319438477,1.5359938526063763
1975-03-17 00:02:52.693|1975-03-17 00:02:54.618|DISAPPEARANCE,1975-03-17 00:02:54.618,DISAPPEARANCE,Fornax-A,1,3,3,"1,2,3",0.7841512497312574,2.9249498079448872,1.544417388955485
1975-03-17 21:16:59.917|1975-03-17 21:17:03.726|REAPPEARANCE,1975-03-17 21:17:03.726,REAPPEARANCE,Fornax-A,6,9,4,"6,7,8,9",1.1072946266095065,2.7787110250883478,1.5834816828801688
1975-03-18 04:40:50.339|1975-03-18 04:40:52.264|REAPPEARANCE,1975-03-18 04:40:52.264,REAPPEARANCE,Fornax-A,2,4,3,"2,3,4",0.914228332465139,1.5988831817092026,1.2760987333497047
1975-03-20 03:58:47.314|1975-03-20 03:58:49.239|DISAPPEARANCE,1975-03-20 03:58:49.239,DISAPPEARANCE,Fornax-A,1,4,4,"1,2,3,4",1.3818054467583083,16.16683498129536,7.172899523846965
1975-03-20 23:59:53.395|1975-03-20 23:59:57.245|DISAPPEARANCE,1975-03-20 23:59:57.245,DISAPPEARANCE,Fornax-A,1,5,5,"1,2,3,4,5",1.14972060739754,29.074339183710322,8.161741128626577
1975-03-21 17:45:19.231|1975-03-21 17:45:21.156|REAPPEARANCE,1975-03-21 17:45:21.156,REAPPEARANCE,Fornax-A,6,9,4,"6,7,8,9",0.927429991005057,3.3016207003202718,2.060492560520507
1975-03-22 11:27:48.443|1975-03-22 11:27:50.368|DISAPPEARANCE,1975-03-22 11:27:50.368,DISAPPEARANCE,Fornax-A,6,9,4,"6,7,8,9",0.5648344369781304,3.374921355038507,1.8683943778061893
1975-03-23 06:44:41.265|1975-03-23 06:44:45.115|REAPPEARANCE,1975-03-23 06:44:45.115,REAPPEARANCE,Fornax-A,2,4,3,"2,3,4",0.5215345319422836,4.687752871104619,2.285456183178582
1975-03-25 23:59:00.639|1975-03-26 00:00:15.315|DISAPPEARANCE,1975-03-26 00:00:15.315,DISAPPEARANCE,Fornax-A,1,5,5,"1,2,3,4,5",0.5208580009954713,5.124598306943885,1.9079817179745604
1975-03-26 00:00:28.943|1975-03-26 00:00:30.673|DISAPPEARANCE,1975-03-26 00:00:30.673,DISAPPEARANCE,Fornax-A,2,4,3,"2,3,4",1.2936736723611006,1.5899651899170253,1.4342148394191205
1975-03-26 00:02:47.174|1975-03-26 00:02:48.904|DISAPPEARANCE,1975-03-26 00:02:48.904,DISAPPEARANCE,Fornax-A,1,4,4,"1,2,3,4",0.5528244939191744,3.9468347959243086,1.4335371235284304
1975-03-26 00:03:02.533|1975-03-26 00:03:04.263|DISAPPEARANCE,1975-03-26 00:03:04.263,DISAPPEARANCE,Fornax-A,1,3,3,"1,2,3",0.6041126202569636,1.901161279174119,1.0452168278147858
1975-03-26 00:05:05.404|1975-03-26 00:05:07.134|DISAPPEARANCE,1975-03-26 00:05:07.134,DISAPPEARANCE,Fornax-A,1,4,4,"1,2,3,4",0.548204489028741,12.498423208885939,3.6225057152679754
1975-03-26 00:06:22.199|1975-03-26 00:06:24.124|DISAPPEARANCE,1975-03-26 00:06:24.124,DISAPPEARANCE,Fornax-A,7,9,3,"7,8,9",0.5077482899601249,0.572129931695545,0.5428677104383591
1975-03-26 11:38:32.710|1975-03-26 11:38:34.635|DISAPPEARANCE,1975-03-26 11:38:34.635,DISAPPEARANCE,Fornax-A,1,3,3,"1,2,3",1.6990681247274875,4.930164442568267,2.939098248664813
1975-03-26 22:44:23.334|1975-03-26 22:44:25.259|DISAPPEARANCE,1975-03-26 22:44:25.259,DISAPPEARANCE,Fornax-A,2,4,3,"2,3,4",0.5035847004632583,0.710983551226658,0.6018673005905097
1975-03-27 14:19:21.820|1975-03-27 14:19:23.745|REAPPEARANCE,1975-03-27 14:19:23.745,REAPPEARANCE,Fornax-A,3,5,3,"3,4,5",0.9570435386716046,1.952821631685553,1.5527015808877922
1975-03-27 20:56:06.248|1975-03-27 20:56:08.173|DISAPPEARANCE,1975-03-27 20:56:08.173,DISAPPEARANCE,Fornax-A,1,3,3,"1,2,3",0.9667628365277179,7.512685383772965,3.87387462892235
1975-03-27 23:59:50.178|1975-03-27 23:59:53.987|DISAPPEARANCE,1975-03-27 23:59:53.987,DISAPPEARANCE,Fornax-A,3,5,3,"3,4,5",0.9367867692806909,1.8644347759868816,1.408135709422193
1975-03-28 19:07:45.366|1975-03-28 19:07:47.291|DISAPPEARANCE,1975-03-28 19:07:47.291,DISAPPEARANCE,Fornax-A,3,5,3,"3,4,5",0.6018384122832231,1.2038644805222751,0.9528394660079477
1975-03-29 23:59:59.391|1975-03-30 00:00:01.316|DISAPPEARANCE,1975-03-30 00:00:01.316,DISAPPEARANCE,Fornax-A,2,5,4,"2,3,4,5",1.128238731204281,4.900028472830841,3.028339026087955
1975-03-30 04:25:16.987|1975-03-30 04:25:18.912|DISAPPEARANCE,1975-03-30 04:25:18.912,DISAPPEARANCE,Fornax-A,1,3,3,"1,2,3",0.7068166602915399,1.3655347121231527,0.9888170054606132
1975-04-02 23:59:52.817|1975-04-02 23:59:54.742|DISAPPEARANCE,1975-04-02 23:59:54.742,DISAPPEARANCE,Fornax-A,1,4,4,"1,2,3,4",0.5972841644336222,3.4509665160558205,1.512862919703559
1975-04-10 06:45:59.814|1975-04-10 06:46:01.739|DISAPPEARANCE,1975-04-10 06:46:01.739,DISAPPEARANCE,Fornax-A,1,3,3,"1,2,3",0.5742952037471889,0.9808890969875088,0.727679107048116
1975-04-11 19:45:39.038|1975-04-11 19:45:40.963|DISAPPEARANCE,1975-04-11 19:45:40.963,DISAPPEARANCE,Fornax-A,1,3,3,"1,2,3",0.6227791429308546,0.831262380339436,0.7164710922566346
1975-04-11 23:27:37.115|1975-04-11 23:27:40.924|DISAPPEARANCE,1975-04-11 23:27:40.924,DISAPPEARANCE,Fornax-A,2,4,3,"2,3,4",0.5793029653387389,0.9245465721369522,0.7824694351006408
1975-04-12 14:15:21.788|1975-04-12 14:15:27.522|DISAPPEARANCE,1975-04-12 14:15:27.522,DISAPPEARANCE,Fornax-A,2,4,3,"2,3,4",0.5344115770102792,0.5765624434303154,0.5509784383671557
1975-04-15 23:59:53.181|1975-04-15 23:59:55.106|REAPPEARANCE,1975-04-15 23:59:55.106,REAPPEARANCE,Fornax-A,4,7,4,"4,5,6,7",0.736102869020794,1.1814691033367462,0.8796614454862031
1975-04-17 08:55:57.943|1975-04-17 08:55:59.868|DISAPPEARANCE,1975-04-17 08:55:59.868,DISAPPEARANCE,Fornax-A,1,3,3,"1,2,3",0.9383042682820987,1.273274809916788,1.0749145424510413
1975-04-21 00:08:05.027|1975-04-21 00:10:34.087|REAPPEARANCE,1975-04-21 00:10:34.087,REAPPEARANCE,Fornax-A,4,9,6,"4,5,6,7,8,9",0.6838219031369606,5.187552273241786,2.9122286915926168
1975-04-22 18:24:27.585|1975-04-22 18:24:31.394|DISAPPEARANCE,1975-04-22 18:24:31.394,DISAPPEARANCE,Fornax-A,2,4,3,"2,3,4",0.6916625957253517,6.504165814202899,3.6635227034406106
1975-04-23 05:30:22.078|1975-04-23 05:30:24.003|DISAPPEARANCE,1975-04-23 05:30:24.003,DISAPPEARANCE,Fornax-A,1,3,3,"1,2,3",0.7412326536508247,3.3693854067335662,1.7440899555096276
1975-04-23 12:54:17.170|1975-04-23 12:54:19.095|DISAPPEARANCE,1975-04-23 12:54:19.095,DISAPPEARANCE,Fornax-A,1,3,3,"1,2,3",0.5422959731082919,2.7060390003201418,1.328152774311126
1975-04-23 20:18:12.469|1975-04-23 20:18:14.394|DISAPPEARANCE,1975-04-23 20:18:14.394,DISAPPEARANCE,Fornax-A,2,4,3,"2,3,4",0.5280274444618945,3.8693274955824783,2.462806173345028
1975-04-23 21:05:24.138|1975-04-23 21:05:27.946|REAPPEARANCE,1975-04-23 21:05:27.946,REAPPEARANCE,Fornax-A,7,9,3,"7,8,9",0.5979249288192641,7.08491906842413,3.866195083909144
1975-04-24 15:35:12.594|1975-04-24 15:35:14.519|REAPPEARANCE,1975-04-24 15:35:14.519,REAPPEARANCE,Fornax-A,2,5,4,"2,3,4,5",0.6236458979638739,6.552522520111178,2.4894023552490787
1975-04-24 19:17:10.831|1975-04-24 19:17:12.756|REAPPEARANCE,1975-04-24 19:17:12.756,REAPPEARANCE,Fornax-A,4,6,3,"4,5,6",0.8782669937880251,1.1680782205278097,1.043630685478182
1975-04-28 14:58:39.018|1975-04-28 14:58:42.827|DISAPPEARANCE,1975-04-28 14:58:42.827,DISAPPEARANCE,Fornax-A,7,9,3,"7,8,9",0.860514424807355,0.9103648435188063,0.8872929768363439
1975-05-01 23:59:53.825|1975-05-01 23:59:55.750|DISAPPEARANCE,1975-05-01 23:59:55.750,DISAPPEARANCE,Fornax-A,2,4,3,"2,3,4",0.6989952007285521,1.9765254441203384,1.3373737176364662
1975-05-02 01:08:57.022|1975-05-02 01:09:02.756|REAPPEARANCE,1975-05-02 01:09:02.756,REAPPEARANCE,Fornax-A,2,4,3,"2,3,4",0.7363773942652772,0.8433729127153634,0.7864585277597058
1975-05-02 22:33:28.188|1975-05-02 22:33:30.113|DISAPPEARANCE,1975-05-02 22:33:30.113,DISAPPEARANCE,Fornax-A,2,4,3,"2,3,4",1.65788045220304,5.965576079836032,4.320996643301828
1975-05-04 00:02:31.440|1975-05-04 00:02:33.365|REAPPEARANCE,1975-05-04 00:02:33.365,REAPPEARANCE,Fornax-A,1,3,3,"1,2,3",0.5361237829833461,4.83306367947436,2.356840705695133
1975-05-04 00:06:37.189|1975-05-04 00:06:39.114|REAPPEARANCE,1975-05-04 00:06:39.114,REAPPEARANCE,Fornax-A,1,3,3,"1,2,3",0.5493850479033336,5.545433373982682,2.351109120913871
1975-05-04 00:06:52.549|1975-05-04 00:06:54.474|REAPPEARANCE,1975-05-04 00:06:54.474,REAPPEARANCE,Fornax-A,1,3,3,"1,2,3",0.8142296552621442,5.545433373982682,2.6507831301557165
1975-05-04 00:07:07.908|1975-05-04 00:07:09.833|REAPPEARANCE,1975-05-04 00:07:09.833,REAPPEARANCE,Fornax-A,1,3,3,"1,2,3",0.8142296552621442,4.782232634173664,2.4489236635584617
1975-05-04 00:07:53.986|1975-05-04 00:07:55.911|REAPPEARANCE,1975-05-04 00:07:55.911,REAPPEARANCE,Fornax-A,1,3,3,"1,2,3",0.5845756984938676,4.845390142037526,2.0085883428701625
1975-05-04 00:08:09.345|1975-05-04 00:08:11.270|REAPPEARANCE,1975-05-04 00:08:11.270,REAPPEARANCE,Fornax-A,1,3,3,"1,2,3",0.6576878193941694,4.566865478645719,2.004060487361615
1975-05-04 00:08:24.705|1975-05-04 00:08:26.630|REAPPEARANCE,1975-05-04 00:08:26.630,REAPPEARANCE,Fornax-A,1,3,3,"1,2,3",1.0704974877002444,4.566865478645719,2.259622102743427
1975-05-04 00:08:40.064|1975-05-04 00:08:41.989|REAPPEARANCE,1975-05-04 00:08:41.989,REAPPEARANCE,Fornax-A,1,3,3,"1,2,3",1.0704974877002444,3.53626077353724,1.9097228174038066
1975-05-04 00:08:55.423|1975-05-04 00:08:57.348|REAPPEARANCE,1975-05-04 00:08:57.348,REAPPEARANCE,Fornax-A,1,3,3,"1,2,3",0.5547035684922652,4.810131207957836,2.1624149891413453
1975-05-05 23:59:53.384|1975-05-05 23:59:55.309|DISAPPEARANCE,1975-05-05 23:59:55.309,DISAPPEARANCE,Fornax-A,1,5,5,"1,2,3,4,5",0.7006702506562159,1.578095403717275,1.2251778697691673
1975-05-16 15:47:40.081|1975-05-16 15:47:42.006|DISAPPEARANCE,1975-05-16 15:47:42.006,DISAPPEARANCE,Fornax-A,2,5,4,"2,3,4,5",0.8861533131914261,1.11501199978622,1.0143083014622314
1975-05-18 01:53:30.373|1975-05-18 01:53:32.298|REAPPEARANCE,1975-05-18 01:53:32.298,REAPPEARANCE,Fornax-A,1,3,3,"1,2,3",0.5401629706149429,0.8902949652949834,0.6862054556659057
1975-05-19 06:42:13.840|1975-05-19 06:42:15.765|DISAPPEARANCE,1975-05-19 06:42:15.765,DISAPPEARANCE,Fornax-A,1,5,5,"1,2,3,4,5",0.7890149717254453,1.8419540611550014,1.108259845033584
1975-05-19 17:48:06.240|1975-05-19 17:48:11.975|DISAPPEARANCE,1975-05-19 17:48:11.975,DISAPPEARANCE,Fornax-A,1,3,3,"1,2,3",0.6066650544028036,1.3839811333699306,0.954144311383847
1975-05-20 04:52:53.365|1975-05-20 04:52:55.290|DISAPPEARANCE,1975-05-20 04:52:55.290,DISAPPEARANCE,Fornax-A,1,4,4,"1,2,3,4",0.5393951799833803,0.6988923240658305,0.6063728197094762
1975-05-21 18:39:40.874|1975-05-21 18:39:42.799|REAPPEARANCE,1975-05-21 18:39:42.799,REAPPEARANCE,Fornax-A,3,5,3,"3,4,5",0.5564290920689484,0.9580996244719692,0.6923687471587328
1975-05-23 06:52:50.431|1975-05-23 06:52:54.241|DISAPPEARANCE,1975-05-23 06:52:54.241,DISAPPEARANCE,Fornax-A,1,3,3,"1,2,3",0.5541950176721515,11.035155439965695,4.24330500911297
1975-05-24 19:52:36.902|1975-05-24 19:52:38.827|DISAPPEARANCE,1975-05-24 19:52:38.827,DISAPPEARANCE,Fornax-A,4,6,3,"4,5,6",0.6795982775674183,0.6872296336525568,0.6840724291114754
1975-05-28 17:09:04.994|1975-05-28 17:09:06.919|REAPPEARANCE,1975-05-28 17:09:06.919,REAPPEARANCE,Fornax-A,3,6,4,"3,4,5,6",0.6255252344262251,4.5250193972493165,1.7327884809500498
1975-05-29 19:03:20.117|1975-05-29 19:03:23.927|REAPPEARANCE,1975-05-29 19:03:23.927,REAPPEARANCE,Fornax-A,1,5,5,"1,2,3,4,5",1.0863768467831993,17.645421467655368,5.4235399938960835
1975-05-30 01:40:16.719|1975-05-30 01:40:18.644|DISAPPEARANCE,1975-05-30 01:40:18.644,DISAPPEARANCE,Fornax-A,1,3,3,"1,2,3",2.4010327524689186,10.194218049623256,5.156709748435819
1975-05-30 06:09:19.911|1975-05-30 06:09:21.836|REAPPEARANCE,1975-05-30 06:09:21.836,REAPPEARANCE,Fornax-A,3,5,3,"3,4,5",0.6079558828019421,0.6731739040406371,0.6395726986931943
1975-05-30 20:10:14.189|1975-05-30 20:10:16.114|DISAPPEARANCE,1975-05-30 20:10:16.114,DISAPPEARANCE,Fornax-A,4,6,3,"4,5,6",0.7237553311043055,3.057795369309871,1.6352309254735766
1975-05-31 15:26:26.150|1975-05-31 15:26:29.960|REAPPEARANCE,1975-05-31 15:26:29.960,REAPPEARANCE,Fornax-A,1,3,3,"1,2,3",0.8214650171281341,7.321966157893827,3.0180857846711793
1975-06-04 08:13:51.666|1975-06-04 08:13:53.591|REAPPEARANCE,1975-06-04 08:13:53.591,REAPPEARANCE,Fornax-A,1,4,4,"1,2,3,4",0.7082063930189102,1.5059877157516608,0.9429889007876643
1975-06-05 10:07:35.146|1975-06-05 10:07:37.071|REAPPEARANCE,1975-06-05 10:07:37.071,REAPPEARANCE,Fornax-A,1,3,3,"1,2,3",0.5176969257929928,1.390908977290982,0.9821946535844711
1975-06-06 22:20:06.566|1975-06-06 22:20:08.491|DISAPPEARANCE,1975-06-06 22:20:08.491,DISAPPEARANCE,Fornax-A,1,4,4,"1,2,3,4",0.7011494280193538,1.2225639906317038,0.8681299651688388
1975-06-06 23:07:05.146|1975-06-06 23:07:07.071|REAPPEARANCE,1975-06-06 23:07:07.071,REAPPEARANCE,Fornax-A,3,5,3,"3,4,5",0.630087943472432,0.7226388696925907,0.6722384451566573
1975-06-07 10:12:55.345|1975-06-07 10:12:57.270|REAPPEARANCE,1975-06-07 10:12:57.270,REAPPEARANCE,Fornax-A,1,4,4,"1,2,3,4",0.6329631033899743,4.599672043787755,1.7659253414667164
1975-06-08 23:12:58.029|1975-06-08 23:13:01.839|REAPPEARANCE,1975-06-08 23:13:01.839,REAPPEARANCE,Fornax-A,1,3,3,"1,2,3",0.5259697392793319,2.1507057802578537,1.1045014605871464
1975-06-09 02:07:46.861|1975-06-09 02:07:48.786|DISAPPEARANCE,1975-06-09 02:07:48.786,DISAPPEARANCE,Fornax-A,1,5,5,"1,2,3,4,5",0.5760230358740882,1.0419457543332318,0.7523640985173509
1975-06-11 05:55:12.433|1975-06-11 05:55:14.358|DISAPPEARANCE,1975-06-11 05:55:14.358,DISAPPEARANCE,Fornax-A,1,3,3,"1,2,3",0.6177346642889041,2.1744542678517673,1.2946543123082301
1975-06-12 15:12:52.486|1975-06-12 15:12:56.296|DISAPPEARANCE,1975-06-12 15:12:56.296,DISAPPEARANCE,Fornax-A,1,4,4,"1,2,3,4",0.5655480602855825,2.7746974904296993,1.2834855723287943
1975-06-13 02:18:43.482|1975-06-13 02:18:47.292|DISAPPEARANCE,1975-06-13 02:18:47.292,DISAPPEARANCE,Fornax-A,1,3,3,"1,2,3",0.7112892499779445,4.514556733889759,2.060632858543038
1975-06-13 06:00:40.390|1975-06-13 06:00:46.125|DISAPPEARANCE,1975-06-13 06:00:46.125,DISAPPEARANCE,Fornax-A,1,3,3,"1,2,3",0.7231622959754046,2.2225523286643742,1.3464053068056228
1975-06-13 13:24:38.440|1975-06-13 13:24:40.365|DISAPPEARANCE,1975-06-13 13:24:40.365,DISAPPEARANCE,Fornax-A,7,9,3,"7,8,9",0.6067178327515745,2.4795485760155507,1.4030096549953794
1975-06-14 04:59:24.012|1975-06-14 04:59:25.937|REAPPEARANCE,1975-06-14 04:59:25.937,REAPPEARANCE,Fornax-A,2,5,4,"2,3,4,5",0.5273427921829925,1.5417804203573522,0.8076624957813128
1975-06-14 07:54:28.245|1975-06-14 07:54:30.170|DISAPPEARANCE,1975-06-14 07:54:30.170,DISAPPEARANCE,Fornax-A,1,3,3,"1,2,3",0.5922133882279784,6.9684282106704565,2.787176841060178
1975-06-17 10:40:44.229|1975-06-17 10:40:46.154|REAPPEARANCE,1975-06-17 10:40:46.154,REAPPEARANCE,Fornax-A,1,3,3,"1,2,3",0.7087623452074678,8.057199733513174,3.165994341540833
1975-06-18 11:47:32.177|1975-06-18 11:47:34.102|DISAPPEARANCE,1975-06-18 11:47:34.102,DISAPPEARANCE,Fornax-A,2,4,3,"2,3,4",0.8540144845879961,9.706815886688188,4.3961005003622615
1975-06-19 09:59:06.338|1975-06-19 09:59:10.148|DISAPPEARANCE,1975-06-19 09:59:10.148,DISAPPEARANCE,Fornax-A,2,4,3,"2,3,4",0.8842193784694459,1.6992656961298236,1.3075239000945442
1975-06-20 08:10:53.462|1975-06-20 08:10:55.387|DISAPPEARANCE,1975-06-20 08:10:55.387,DISAPPEARANCE,Fornax-A,1,3,3,"1,2,3",0.5533113452664096,5.057720524407475,2.1019978099819805
1975-06-24 20:14:41.514|1975-06-24 20:14:45.324|REAPPEARANCE,1975-06-24 20:14:45.324,REAPPEARANCE,Fornax-A,3,7,5,"3,4,5,6,7",0.5801042163296564,3.2124118578653746,1.1976399839765377
1975-06-25 11:02:29.131|1975-06-25 11:02:32.941|REAPPEARANCE,1975-06-25 11:02:32.941,REAPPEARANCE,Fornax-A,1,3,3,"1,2,3",0.5310506316381881,2.6791564817067233,1.5630137935962625
1975-06-25 18:26:23.156|1975-06-25 18:26:26.966|REAPPEARANCE,1975-06-25 18:26:26.966,REAPPEARANCE,Fornax-A,1,3,3,"1,2,3",0.5132471611359054,1.2502174738304737,0.7845719247398574
