time,channel_id,center_frequency_mhz,power
1974-12-01 00:00:00,0,0.025,-99.96952829202456
1974-12-01 00:00:00,1,0.035,-100.10399841062404
1974-12-01 00:00:00,2,0.044,-99.92495488041935
1974-12-01 00:00:00,3,0.055,-99.90594352836088
1974-12-01 00:00:00,4,0.067,-100.19510351886538
1974-12-01 00:00:00,5,0.083,-100.13021795068623
1974-12-01 00:00:00,6,0.096,-99.98721595968327
1974-12-01 00:00:00,7,0.11,-100.03162425923436
1974-12-01 00:00:00,8,0.13,-100.00168011575043
1974-12-01 00:00:00,9,0.155,-100.08530439275737
1974-12-01 00:00:00,10,0.185,-99.91206020251371
1974-12-01 00:00:00,11,0.21,-99.9222208064571
1974-12-01 00:00:00,12,0.25,-99.99339693024388
1974-12-01 00:00:00,13,0.292,-99.8872758793032
1974-12-01 00:00:00,14,0.36,-99.9532490657748
1974-12-01 00:00:00,15,0.425,-100.08592924628833
1974-12-01 00:00:00,16,0.475,-99.96312492159176
1974-12-01 00:00:00,17,0.6,-100.0958882600829
1974-12-01 00:00:00,18,0.737,-99.91215496986928
1974-12-01 00:00:00,19,0.87,-100.00499259109863
1974-12-01 00:00:00,20,1.03,-100.01848623635452
1974-12-01 00:00:00,21,1.27,-100.06809295444039
1974-12-01 00:00:00,22,1.45,-99.8777458661326
1974-12-01 00:00:00,23,1.85,-100.01545294820689
1974-12-01 00:00:00,24,2.2,-100.04283278221631
1974-12-01 00:00:00,25,2.8,-100.03521335504882
1974-12-01 00:00:00,26,3.93,-99.94676908144467
1974-12-01 00:00:00,27,4.7,-99.9634555935636
1974-12-01 00:00:00,28,6.55,-99.9587267388404
1974-12-01 00:00:00,29,9.18,-99.9569178996992
1974-12-01 00:00:00,30,11.8,-99.78583523991296
1974-12-01 00:00:00,31,13.1,-100.04064150163846
1974-12-01 00:01:00,0,0.025,-100.05122427290715
1974-12-01 00:01:00,1,0.035,-100.08137727282478
1974-12-01 00:01:00,2,0.044,-99.93840205774245
1974-12-01 00:01:00,3,0.055,-99.8871027707279
1974-12-01 00:01:00,4,0.067,-100.01139474576549
1974-12-01 00:01:00,5,0.083,-100.08401564769625
1974-12-01 00:01:00,6,0.096,-100.08244812156913
1974-12-01 00:01:00,7,0.11,-99.93494072121753
1974-12-01 00:01:00,8,0.13,-99.92567458287965
1974-12-01 00:01:00,9,0.155,-99.94568457316949
1974-12-01 00:01:00,10,0.185,-100.06655097072887
1974-12-01 00:01:00,11,0.21,-99.97678386769333
1974-12-01 00:01:00,12,0.25,-99.98833141908592
1974-12-01 00:01:00,13,0.292,-99.9781311403271
1974-12-01 00:01:00,14,0.36,-99.91285712220518
1974-12-01 00:01:00,15,0.425,-99.97764044512253
1974-12-01 00:01:00,16,0.475,-99.93210864369281
1974-12-01 00:01:00,17,0.6,-99.99324209305111
1974-12-01 00:01:00,18,0.737,-99.971088060131
1974-12-01 00:01:00,19,0.87,-99.93687117741615
1974-12-01 00:01:00,20,1.03,-100.14571558198557
1974-12-01 00:01:00,21,1.27,-100.03196712163573
1974-12-01 00:01:00,22,1.45,-100.04703726542928
1974-12-01 00:01:00,23,1.85,-100.06388778482433
1974-12-01 00:01:00,24,2.2,-100.02751422512267
1974-12-01 00:01:00,25,2.8,-99.85050586887657
1974-12-01 00:01:00,26,3.93,-100.08658311156933
1974-12-01 00:01:00,27,4.7,-99.90317216454085
1974-12-01 00:01:00,28,6.55,-100.16828697716159
1974-12-01 00:01:00,29,9.18,-100.03348850299858
1974-12-01 00:01:00,30,11.8,-99.9837246934895
1974-12-01 00:01:00,31,13.1,-99.94137776686408
1974-12-01 00:02:00,0,0.025,-99.92887734202071
1974-12-01 00:02:00,1,0.035,-99.92066527648001
1974-12-01 00:02:00,2,0.044,-100.03487250722485
1974-12-01 00:02:00,3,0.055,-100.04623517926646
1974-12-01 00:02:00,4,0.067,-99.91420241187429
1974-12-01 00:02:00,5,0.083,-100.01913043248817
1974-12-01 00:02:00,6,0.096,-100.12756863233379
1974-12-01 00:02:00,7,0.11,-100.11332872140035
1974-12-01 00:02:00,8,0.13,-100.09194522860017
1974-12-01 00:02:00,9,0.155,-99.95028392559462
1974-12-01 00:02:00,10,0.185,-99.98575742639294
1974-12-01 00:02:00,11,0.21,-99.93095146459322
1974-12-01 00:02:00,12,0.25,-100.04272526463366
1974-12-01 00:02:00,13,0.292,-99.98414603089233
1974-12-01 00:02:00,14,0.36,-99.93744096060327
1974-12-01 00:02:00,15,0.425,-100.03093465397203
1974-12-01 00:02:00,16,0.475,-99.95432247624426
1974-12-01 00:02:00,17,0.6,-100.06619259410667
1974-12-01 00:02:00,18,0.737,-100.0363053846565
1974-12-01 00:02:00,19,0.87,-100.03817378939983
1974-12-01 00:02:00,20,1.03,-100.1195839645589
1974-12-01 00:02:00,21,1.27,-99.95130275192145
1974-12-01 00:02:00,22,1.45,-100.04694023402027
1974-12-01 00:02:00,23,1.85,-99.99875058812724
1974-12-01 00:02:00,24,2.2,-99.9519253341094
1974-12-01 00:02:00,25,2.8,-99.95534688239701
1974-12-01 00:02:00,26,3.93,-99.93346148910273
1974-12-01 00:02:00,27,4.7,-100.00984854845095
1974-12-01 00:02:00,28,6.55,-100.04232983120441
1974-12-01 00:02:00,29,9.18,-100.00797182109063
1974-12-01 00:02:00,30,11.8,-100.16873344339581
1974-12-01 00:02:00,31,13.1,-100.14471124724231
1974-12-01 00:03:00,0,0.025,-100.13226996123544
1974-12-01 00:03:00,1,0.035,-100.09972468276015
1974-12-01 00:03:00,2,0.044,-99.96002257732766
1974-12-01 00:03:00,3,0.055,-100.090547905536
1974-12-01 00:03:00,4,0.067,-100.03781625540394
1974-12-01 00:03:00,5,0.083,-99.87007717022139
1974-12-01 00:03:00,6,0.096,-100.03562639710614
1974-12-01 00:03:00,7,0.11,-99.9262484431533
1974-12-01 00:03:00,8,0.13,-100.09336176800099
1974-12-01 00:03:00,9,0.155,-100.02054375578676
1974-12-01 00:03:00,10,0.185,-100.09500220549106
1974-12-01 00:03:00,11,0.21,-100.03390330759005
1974-12-01 00:03:00,12,0.25,-99.91596918625426
1974-12-01 00:03:00,13,0.292,-100.17273204231924
1974-12-01 00:03:00,14,0.36,-99.95655763564541
1974-12-01 00:03:00,15,0.425,-99.97622643976678
1974-12-01 00:03:00,16,0.475,-100.05941499556968
1974-12-01 00:03:00,17,0.6,-100.14460578543884
1974-12-01 00:03:00,18,0.737,-99.99278704922861
1974-12-01 00:03:00,19,0.87,-100.05294927090638
1974-12-01 00:03:00,20,1.03,-99.97673237886453
1974-12-01 00:03:00,21,1.27,-99.99781478544766
1974-12-01 00:03:00,22,1.45,-99.83982211086791
1974-12-01 00:03:00,23,1.85,-100.0239355627473
1974-12-01 00:03:00,24,2.2,-100.10234974926219
1974-12-01 00:03:00,25,2.8,-99.98207243650437
1974-12-01 00:03:00,26,3.93,-99.97800033160283
1974-12-01 00:03:00,27,4.7,-99.86408124247596
1974-12-01 00:03:00,28,6.55,-99.91648887540855
1974-12-01 00:03:00,29,9.18,-99.96431289408505
1974-12-01 00:03:00,30,11.8,-99.85366971087804
1974-12-01 00:03:00,31,13.1,-100.11887630543228
1974-12-01 00:04:00,0,0.025,-100.06397515327498
1974-12-01 00:04:00,1,0.035,-100.09265759414055
1974-12-01 00:04:00,2,0.044,-100.03898098031557
1974-12-01 00:04:00,3,0.055,-100.13766861475563
1974-12-01 00:04:00,4,0.067,-99.93648490531857
1974-12-01 00:04:00,5,0.083,-100.02222226970987
1974-12-01 00:04:00,6,0.096,-100.14708062945027
1974-12-01 00:04:00,7,0.11,-100.10155790812075
1974-12-01 00:04:00,8,0.13,-99.96864861525498
1974-12-01 00:04:00,9,0.155,-99.91618734321057
1974-12-01 00:04:00,10,0.185,-99.80032691083082
1974-12-01 00:04:00,11,0.21,-99.70861375339926
1974-12-01 00:04:00,12,0.25,-99.9585590566724
1974-12-01 00:04:00,13,0.292,-100.09895381200319
1974-12-01 00:04:00,14,0.36,-100.21320462807313
1974-12-01 00:04:00,15,0.425,-99.97322885376562
1974-12-01 00:04:00,16,0.475,-100.08129410953103
1974-12-01 00:04:00,17,0.6,-100.04153572601797
1974-12-01 00:04:00,18,0.737,-100.06120967990599
1974-12-01 00:04:00,19,0.87,-100.01407908864164
1974-12-01 00:04:00,20,1.03,-99.89340197692124
1974-12-01 00:04:00,21,1.27,-99.98429514325547
1974-12-01 00:04:00,22,1.45,-100.01586348370387
1974-12-01 00:04:00,23,1.85,-100.10356537528259
1974-12-01 00:04:00,24,2.2,-100.16746829447044
1974-12-01 00:04:00,25,2.8,-100.04863079090734
1974-12-01 00:04:00,26,3.93,-100.00537825508184
1974-12-01 00:04:00,27,4.7,-99.82320700864202
1974-12-01 00:04:00,28,6.55,-99.98697254785272
1974-12-01 00:04:00,29,9.18,-99.9017260488977
1974-12-01 00:04:00,30,11.8,-100.04992955985392
1974-12-01 00:04:00,31,13.1,-100.1184943766417
1974-12-01 00:05:00,0,0.025,-100.09651167622324
1974-12-01 00:05:00,1,0.035,-100.07252260645357
1974-12-01 00:05:00,2,0.044,-99.78715302675649
1974-12-01 00:05:00,3,0.055,-100.08213866792244
1974-12-01 00:05:00,4,0.067,-99.91615107962636
1974-12-01 00:05:00,5,0.083,-100.09029271780871
1974-12-01 00:05:00,6,0.096,-99.90684269871258
1974-12-01 00:05:00,7,0.11,-99.96150490338941
1974-12-01 00:05:00,8,0.13,-100.01566378976581
1974-12-01 00:05:00,9,0.155,-100.00407625261354
1974-12-01 00:05:00,10,0.185,-100.06547876954293
1974-12-01 00:05:00,11,0.21,-99.95539277985179
1974-12-01 00:05:00,12,0.25,-100.04549834803407
1974-12-01 00:05:00,13,0.292,-100.12256057637673
1974-12-01 00:05:00,14,0.36,-100.12779375743196
1974-12-01 00:05:00,15,0.425,-99.9827412082278
1974-12-01 00:05:00,16,0.475,-99.84209087435896
1974-12-01 00:05:00,17,0.6,-99.98400083864266
1974-12-01 00:05:00,18,0.737,-100.01186383261098
1974-12-01 00:05:00,19,0.87,-99.97141738603975
1974-12-01 00:05:00,20,1.03,-99.86939982582932
1974-12-01 00:05:00,21,1.27,-99.97806174986361
1974-12-01 00:05:00,22,1.45,-100.04109272308338
1974-12-01 00:05:00,23,1.85,-99.88937112899401
1974-12-01 00:05:00,24,2.2,-99.95712435615384
1974-12-01 00:05:00,25,2.8,-99.8464244008004
1974-12-01 00:05:00,26,3.93,-99.9816765562778
1974-12-01 00:05:00,27,4.7,-100.12244690317205
1974-12-01 00:05:00,28,6.55,-100.13681591992457
1974-12-01 00:05:00,29,9.18,-99.83490720677688
1974-12-01 00:05:00,30,11.8,-99.82763342792167
1974-12-01 00:05:00,31,13.1,-100.01795192132826
1974-12-01 00:06:00,0,0.025,-100.0383187321136
1974-12-01 00:06:00,1,0.035,-99.85385557077578
1974-12-01 00:06:00,2,0.044,-100.11070456820435
1974-12-01 00:06:00,3,0.055,-100.08947270189559
1974-12-01 00:06:00,4,0.067,-99.9356673205311
1974-12-01 00:06:00,5,0.083,-100.03946051228596
1974-12-01 00:06:00,6,0.096,-100.00051218667201
1974-12-01 00:06:00,7,0.11,-100.01634428985246
1974-12-01 00:06:00,8,0.13,-99.96624254512011
1974-12-01 00:06:00,9,0.155,-99.85925181386862
1974-12-01 00:06:00,10,0.185,-99.99094150930982
1974-12-01 00:06:00,11,0.21,-99.93560612067232
1974-12-01 00:06:00,12,0.25,-100.20501721010311
1974-12-01 00:06:00,13,0.292,-100.00487184019302
1974-12-01 00:06:00,14,0.36,-100.08432302702928
1974-12-01 00:06:00,15,0.425,-100.12188130604237
1974-12-01 00:06:00,16,0.475,-100.08781523669288
1974-12-01 00:06:00,17,0.6,-100.03341234407009
1974-12-01 00:06:00,18,0.737,-99.9084097457644
1974-12-01 00:06:00,19,0.87,-100.13263927177395
1974-12-01 00:06:00,20,1.03,-99.99693685074055
1974-12-01 00:06:00,21,1.27,-100.04841694333336
1974-12-01 00:06:00,22,1.45,-100.0327673094362
1974-12-01 00:06:00,23,1.85,-99.89972421746954
1974-12-01 00:06:00,24,2.2,-99.94618845629961
1974-12-01 00:06:00,25,2.8,-99.86626018925573
1974-12-01 00:06:00,26,3.93,-100.01545056792499
1974-12-01 00:06:00,27,4.7,-100.06959426116707
1974-12-01 00:06:00,28,6.55,-100.02238588168805
1974-12-01 00:06:00,29,9.18,-99.97575032087288
1974-12-01 00:06:00,30,11.8,-99.98234266415463
1974-12-01 00:06:00,31,13.1,-100.10843880722334
1974-12-01 00:07:00,0,0.025,-99.99095102183722
1974-12-01 00:07:00,1,0.035,-99.97717716698611
1974-12-01 00:07:00,2,0.044,-99.7482525962466
1974-12-01 00:07:00,3,0.055,-99.81231553887183
1974-12-01 00:07:00,4,0.067,-100.08532433505589
1974-12-01 00:07:00,5,0.083,-100.02873833615492
1974-12-01 00:07:00,6,0.096,-100.1463442001837
1974-12-01 00:07:00,7,0.11,-100.05907070139635
1974-12-01 00:07:00,8,0.13,-99.96843949964097
1974-12-01 00:07:00,9,0.155,-99.87941463791118
1974-12-01 00:07:00,10,0.185,-100.07290838377436
1974-12-01 00:07:00,11,0.21,-100.06541464400678
1974-12-01 00:07:00,12,0.25,-100.21472890297386
1974-12-01 00:07:00,13,0.292,-100.01626659205449
1974-12-01 00:07:00,14,0.36,-100.10624144118596
1974-12-01 00:07:00,15,0.425,-100.0529439427366
1974-12-01 00:07:00,16,0.475,-100.08768607781676
1974-12-01 00:07:00,17,0.6,-100.00942625542525
1974-12-01 00:07:00,18,0.737,-100.17577283913566
1974-12-01 00:07:00,19,0.87,-100.1467045245391
1974-12-01 00:07:00,20,1.03,-99.78707528879717
1974-12-01 00:07:00,21,1.27,-100.1287422581274
1974-12-01 00:07:00,22,1.45,-100.10967855784547
1974-12-01 00:07:00,23,1.85,-99.81630864716787
1974-12-01 00:07:00,24,2.2,-99.70949328307596
1974-12-01 00:07:00,25,2.8,-100.11715666288254
1974-12-01 00:07:00,26,3.93,-100.0368248956788
1974-12-01 00:07:00,27,4.7,-99.96584444490595
1974-12-01 00:07:00,28,6.55,-99.82713023555944
1974-12-01 00:07:00,29,9.18,-100.09868570784282
1974-12-01 00:07:00,30,11.8,-100.02452778459421
1974-12-01 00:07:00,31,13.1,-99.92226624239383
1974-12-01 00:08:00,0,0.025,-99.95652339255334
1974-12-01 00:08:00,1,0.035,-100.03761560712302
1974-12-01 00:08:00,2,0.044,-100.01338229645161
1974-12-01 00:08:00,3,0.055,-100.137489580837
1974-12-01 00:08:00,4,0.067,-100.02381737439747
1974-12-01 00:08:00,5,0.083,-100.0266387490009
1974-12-01 00:08:00,6,0.096,-99.97678301103737
1974-12-01 00:08:00,7,0.11,-100.0555327218819
1974-12-01 00:08:00,8,0.13,-99.95284614774549
1974-12-01 00:08:00,9,0.155,-99.89872841821801
1974-12-01 00:08:00,10,0.185,-99.98445706723315
1974-12-01 00:08:00,11,0.21,-99.96482435916008
1974-12-01 00:08:00,12,0.25,-99.99468446524222
1974-12-01 00:08:00,13,0.292,-99.99999156069086
1974-12-01 00:08:00,14,0.36,-100.07215580335428
1974-12-01 00:08:00,15,0.425,-99.96835057383267
1974-12-01 00:08:00,16,0.475,-100.00972865984134
1974-12-01 00:08:00,17,0.6,-99.79068316910694
1974-12-01 00:08:00,18,0.737,-99.84266450975248
1974-12-01 00:08:00,19,0.87,-99.96141534474435
1974-12-01 00:08:00,20,1.03,-100.07630572096947
1974-12-01 00:08:00,21,1.27,-100.11124114719834
1974-12-01 00:08:00,22,1.45,-99.88088570469111
1974-12-01 00:08:00,23,1.85,-99.97372507748528
1974-12-01 00:08:00,24,2.2,-99.95198565966083
1974-12-01 00:08:00,25,2.8,-100.17445859869741
1974-12-01 00:08:00,26,3.93,-99.90725615184418
1974-12-01 00:08:00,27,4.7,-99.95455796617857
1974-12-01 00:08:00,28,6.55,-100.11104306844145
1974-12-01 00:08:00,29,9.18,-100.047152480745
1974-12-01 00:08:00,30,11.8,-99.97362827956435
1974-12-01 00:08:00,31,13.1,-99.99475332016438
1974-12-01 00:09:00,0,0.025,-100.02921711858036
1974-12-01 00:09:00,1,0.035,-100.01034882680659
1974-12-01 00:09:00,2,0.044,-100.02519773782069
1974-12-01 00:09:00,3,0.055,-99.98474374878975
1974-12-01 00:09:00,4,0.067,-99.85285080270069
1974-12-01 00:09:00,5,0.083,-100.25666584409313
1974-12-01 00:09:00,6,0.096,-100.02368502645096
1974-12-01 00:09:00,7,0.11,-99.98234875786275
1974-12-01 00:09:00,8,0.13,-99.97040060103129
1974-12-01 00:09:00,9,0.155,-100.03719145813213
1974-12-01 00:09:00,10,0.185,-100.17567217824786
1974-12-01 00:09:00,11,0.21,-99.96720045162859
1974-12-01 00:09:00,12,0.25,-99.82726497858359
1974-12-01 00:09:00,13,0.292,-100.15338614049162
1974-12-01 00:09:00,14,0.36,-99.91361719863018
1974-12-01 00:09:00,15,0.425,-100.03285252231228
1974-12-01 00:09:00,16,0.475,-100.00613243458288
1974-12-01 00:09:00,17,0.6,-100.1052898510704
1974-12-01 00:09:00,18,0.737,-100.03344561723559
1974-12-01 00:09:00,19,0.87,-99.8699955405301
1974-12-01 00:09:00,20,1.03,-99.94173447580123
1974-12-01 00:09:00,21,1.27,-99.826768839459
1974-12-01 00:09:00,22,1.45,-99.88225881110223
1974-12-01 00:09:00,23,1.85,-99.95609133210704
1974-12-01 00:09:00,24,2.2,-99.82560654738322
1974-12-01 00:09:00,25,2.8,-99.95610068412617
1974-12-01 00:09:00,26,3.93,-99.9172011823203
1974-12-01 00:09:00,27,4.7,-100.02965709535347
1974-12-01 00:09:00,28,6.55,-99.99334541841408
1974-12-01 00:09:00,29,9.18,-100.06974238233003
1974-12-01 00:09:00,30,11.8,-99.90104160654052
1974-12-01 00:09:00,31,13.1,-100.11783036231148
1974-12-01 00:10:00,0,0.025,-99.92176496575823
1974-12-01 00:10:00,1,0.035,-100.01906510575051
1974-12-01 00:10:00,2,0.044,-99.88287529065327
1974-12-01 00:10:00,3,0.055,-99.92491310112688
1974-12-01 00:10:00,4,0.067,-99.81793538423533
1974-12-01 00:10:00,5,0.083,-99.92692253088613
1974-12-01 00:10:00,6,0.096,-100.15720402556532
1974-12-01 00:10:00,7,0.11,-100.00669531728983
1974-12-01 00:10:00,8,0.13,-100.11720071925949
1974-12-01 00:10:00,9,0.155,-100.05182798423662
1974-12-01 00:10:00,10,0.185,-100.84887715667233
1974-12-01 00:10:00,11,0.21,-100.93624661891023
1974-12-01 00:10:00,12,0.25,-101.06989304285787
1974-12-01 00:10:00,13,0.292,-100.10137173664404
1974-12-01 00:10:00,14,0.36,-99.99672179071237
1974-12-01 00:10:00,15,0.425,-100.12165601493811
1974-12-01 00:10:00,16,0.475,-100.06711402773966
1974-12-01 00:10:00,17,0.6,-99.96879905284487
1974-12-01 00:10:00,18,0.737,-99.88446879638933
1974-12-01 00:10:00,19,0.87,-99.93912385277756
1974-12-01 00:10:00,20,1.03,-100.22912895085982
1974-12-01 00:10:00,21,1.27,-99.96956332709698
1974-12-01 00:10:00,22,1.45,-99.99279664267674
1974-12-01 00:10:00,23,1.85,-99.95861097146273
1974-12-01 00:10:00,24,2.2,-99.83837903183488
1974-12-01 00:10:00,25,2.8,-100.20632382768048
1974-12-01 00:10:00,26,3.93,-100.0591103425191
1974-12-01 00:10:00,27,4.7,-99.94090936772066
1974-12-01 00:10:00,28,6.55,-100.1581594399454
1974-12-01 00:10:00,29,9.18,-99.85240509519465
1974-12-01 00:10:00,30,11.8,-99.96316433872994
1974-12-01 00:10:00,31,13.1,-99.91534160141566
1974-12-01 00:11:00,0,0.025,-100.05709436615219
1974-12-01 00:11:00,1,0.035,-99.91862363100338
1974-12-01 00:11:00,2,0.044,-99.8931528444011
1974-12-01 00:11:00,3,0.055,-99.97671219798629
1974-12-01 00:11:00,4,0.067,-99.97655991073013
1974-12-01 00:11:00,5,0.083,-99.97296567607182
1974-12-01 00:11:00,6,0.096,-100.08633452647393
1974-12-01 00:11:00,7,0.11,-100.01475286802403
1974-12-01 00:11:00,8,0.13,-100.01525225324524
1974-12-01 00:11:00,9,0.155,-99.96166061356465
1974-12-01 00:11:00,10,0.185,-100.90001757530896
1974-12-01 00:11:00,11,0.21,-101.10585360819785
1974-12-01 00:11:00,12,0.25,-101.01250090303196
1974-12-01 00:11:00,13,0.292,-99.8518544452341
1974-12-01 00:11:00,14,0.36,-100.07435882288125
1974-12-01 00:11:00,15,0.425,-100.08222500172903
1974-12-01 00:11:00,16,0.475,-99.97976938081688
1974-12-01 00:11:00,17,0.6,-99.91556148095147
1974-12-01 00:11:00,18,0.737,-99.99885739444393
1974-12-01 00:11:00,19,0.87,-99.8671039409563
1974-12-01 00:11:00,20,1.03,-99.91432060174334
1974-12-01 00:11:00,21,1.27,-99.915817993311
1974-12-01 00:11:00,22,1.45,-99.94458834986759
1974-12-01 00:11:00,23,1.85,-99.76723468996539
1974-12-01 00:11:00,24,2.2,-100.0205161688866
1974-12-01 00:11:00,25,2.8,-100.20035222920666
1974-12-01 00:11:00,26,3.93,-99.83957456384829
1974-12-01 00:11:00,27,4.7,-100.04576994309568
1974-12-01 00:11:00,28,6.55,-99.9892119555657
1974-12-01 00:11:00,29,9.18,-99.86904493151394
1974-12-01 00:11:00,30,11.8,-100.1602259541059
1974-12-01 00:11:00,31,13.1,-100.12516472141061
1974-12-01 00:12:00,0,0.025,-100.16012779371188
1974-12-01 00:12:00,1,0.035,-100.07941362900254
1974-12-01 00:12:00,2,0.044,-99.9560363393983
1974-12-01 00:12:00,3,0.055,-99.94758121571873
1974-12-01 00:12:00,4,0.067,-99.97237258206714
1974-12-01 00:12:00,5,0.083,-100.14127658838923
1974-12-01 00:12:00,6,0.096,-100.23101034366326
1974-12-01 00:12:00,7,0.11,-99.99456464146097
1974-12-01 00:12:00,8,0.13,-100.04717760336383
1974-12-01 00:12:00,9,0.155,-99.95406142282833
1974-12-01 00:12:00,10,0.185,-100.92980463737787
1974-12-01 00:12:00,11,0.21,-100.98617585679413
1974-12-01 00:12:00,12,0.25,-100.92398669146242
1974-12-01 00:12:00,13,0.292,-99.9770788625885
1974-12-01 00:12:00,14,0.36,-99.94699352943985
1974-12-01 00:12:00,15,0.425,-100.07046732628699
1974-12-01 00:12:00,16,0.475,-100.01796114138314
1974-12-01 00:12:00,17,0.6,-99.98032239033431
1974-12-01 00:12:00,18,0.737,-99.91794715245825
1974-12-01 00:12:00,19,0.87,-100.03937411722245
1974-12-01 00:12:00,20,1.03,-99.94788327442679
1974-12-01 00:12:00,21,1.27,-100.02658387919153
1974-12-01 00:12:00,22,1.45,-100.01175421673281
1974-12-01 00:12:00,23,1.85,-99.9170480957976
1974-12-01 00:12:00,24,2.2,-100.19930603710542
1974-12-01 00:12:00,25,2.8,-100.12964723280747
1974-12-01 00:12:00,26,3.93,-100.14821853974428
1974-12-01 00:12:00,27,4.7,-100.23336161198483
1974-12-01 00:12:00,28,6.55,-100.06782644401552
1974-12-01 00:12:00,29,9.18,-99.92505661002723
1974-12-01 00:12:00,30,11.8,-100.02848840663826
1974-12-01 00:12:00,31,13.1,-99.98022099180581
1974-12-01 00:13:00,0,0.025,-99.89107825032892
1974-12-01 00:13:00,1,0.035,-99.86723138677323
1974-12-01 00:13:00,2,0.044,-100.00691379347262
1974-12-01 00:13:00,3,0.055,-99.86464141104307
1974-12-01 00:13:00,4,0.067,-99.9907873341566
1974-12-01 00:13:00,5,0.083,-100.08373982238274
1974-12-01 00:13:00,6,0.096,-100.05944003521988
1974-12-01 00:13:00,7,0.11,-100.1480536512565
1974-12-01 00:13:00,8,0.13,-100.08881338537337
1974-12-01 00:13:00,9,0.155,-100.03580166880744
1974-12-01 00:13:00,10,0.185,-100.91964149806213
1974-12-01 00:13:00,11,0.21,-100.8279230168834
1974-12-01 00:13:00,12,0.25,-101.1382181515377
1974-12-01 00:13:00,13,0.292,-99.96071725317401
1974-12-01 00:13:00,14,0.36,-100.10405439391576
1974-12-01 00:13:00,15,0.425,-99.95253029115368
1974-12-01 00:13:00,16,0.475,-100.01310866506877
1974-12-01 00:13:00,17,0.6,-100.18309058258475
1974-12-01 00:13:00,18,0.737,-99.90717030084315
1974-12-01 00:13:00,19,0.87,-100.06050007128087
1974-12-01 00:13:00,20,1.03,-100.05339002383735
1974-12-01 00:13:00,21,1.27,-100.10697524112896
1974-12-01 00:13:00,22,1.45,-100.06542832766876
1974-12-01 00:13:00,23,1.85,-99.9572109559305
1974-12-01 00:13:00,24,2.2,-100.01892443409363
1974-12-01 00:13:00,25,2.8,-99.96713379977176
1974-12-01 00:13:00,26,3.93,-99.96380781460712
1974-12-01 00:13:00,27,4.7,-99.86793383444719
1974-12-01 00:13:00,28,6.55,-100.03427861508644
1974-12-01 00:13:00,29,9.18,-100.14768578168457
1974-12-01 00:13:00,30,11.8,-99.8932777583428
1974-12-01 00:13:00,31,13.1,-100.03314881720972
1974-12-01 00:14:00,0,0.025,-99.88854075554227
1974-12-01 00:14:00,1,0.035,-99.96166228868175
1974-12-01 00:14:00,2,0.044,-100.01311375302033
1974-12-01 00:14:00,3,0.055,-99.96512241059537
1974-12-01 00:14:00,4,0.067,-99.80489874398737
1974-12-01 00:14:00,5,0.083,-99.79230194709463
1974-12-01 00:14:00,6,0.096,-99.99306188648673
1974-12-01 00:14:00,7,0.11,-99.98398094066829
1974-12-01 00:14:00,8,0.13,-99.89237598425336
1974-12-01 00:14:00,9,0.155,-100.08456610327673
1974-12-01 00:14:00,10,0.185,-100.96669296273818
1974-12-01 00:14:00,11,0.21,-101.00258628479538
1974-12-01 00:14:00,12,0.25,-100.96860917885425
1974-12-01 00:14:00,13,0.292,-100.08333688059494
1974-12-01 00:14:00,14,0.36,-100.1589567493309
1974-12-01 00:14:00,15,0.425,-100.20729834359913
1974-12-01 00:14:00,16,0.475,-100.11173841129896
1974-12-01 00:14:00,17,0.6,-100.04586752849393
1974-12-01 00:14:00,18,0.737,-100.02931915866488
1974-12-01 00:14:00,19,0.87,-99.80627688375705
1974-12-01 00:14:00,20,1.03,-99.88940066300927
1974-12-01 00:14:00,21,1.27,-100.09620911163417
1974-12-01 00:14:00,22,1.45,-99.96522915475491
1974-12-01 00:14:00,23,1.85,-100.04070782363503
1974-12-01 00:14:00,24,2.2,-100.028436383804
1974-12-01 00:14:00,25,2.8,-99.98146743505846
1974-12-01 00:14:00,26,3.93,-99.93808288830246
1974-12-01 00:14:00,27,4.7,-100.0339258483884
1974-12-01 00:14:00,28,6.55,-99.89361484672656
1974-12-01 00:14:00,29,9.18,-100.11419382261424
1974-12-01 00:14:00,30,11.8,-99.99936609376377
1974-12-01 00:14:00,31,13.1,-99.74023262734042
1974-12-01 00:15:00,0,0.025,-99.97769202573747
1974-12-01 00:15:00,1,0.035,-99.85667854933938
1974-12-01 00:15:00,2,0.044,-99.99084798218269
1974-12-01 00:15:00,3,0.055,-99.94192229046702
1974-12-01 00:15:00,4,0.067,-100.00567831943927
1974-12-01 00:15:00,5,0.083,-100.01704075811642
1974-12-01 00:15:00,6,0.096,-100.07794823967254
1974-12-01 00:15:00,7,0.11,-99.95696986410424
1974-12-01 00:15:00,8,0.13,-100.08515371891858
1974-12-01 00:15:00,9,0.155,-99.93344147636866
1974-12-01 00:15:00,10,0.185,-100.8914712995554
1974-12-01 00:15:00,11,0.21,-100.96334685927627
1974-12-01 00:15:00,12,0.25,-101.02862487335557
1974-12-01 00:15:00,13,0.292,-99.95460344206913
1974-12-01 00:15:00,14,0.36,-100.03086730555464
1974-12-01 00:15:00,15,0.425,-99.90644528745348
1974-12-01 00:15:00,16,0.475,-100.18314060842151
1974-12-01 00:15:00,17,0.6,-100.03356073681186
1974-12-01 00:15:00,18,0.737,-100.1990811995124
1974-12-01 00:15:00,19,0.87,-100.14950608302271
1974-12-01 00:15:00,20,1.03,-99.86361377701861
1974-12-01 00:15:00,21,1.27,-99.91048150180283
1974-12-01 00:15:00,22,1.45,-100.07194802332847
1974-12-01 00:15:00,23,1.85,-100.15025034560409
1974-12-01 00:15:00,24,2.2,-100.29645288378417
1974-12-01 00:15:00,25,2.8,-100.05434955079326
1974-12-01 00:15:00,26,3.93,-99.75795849877527
1974-12-01 00:15:00,27,4.7,-99.95651157285363
1974-12-01 00:15:00,28,6.55,-100.05595722860495
1974-12-01 00:15:00,29,9.18,-99.95349197904997
1974-12-01 00:15:00,30,11.8,-100.15609583529944
1974-12-01 00:15:00,31,13.1,-100.02973233626976
1974-12-01 00:16:00,0,0.025,-99.99005225269843
1974-12-01 00:16:00,1,0.035,-100.00861006518211
1974-12-01 00:16:00,2,0.044,-99.92091938783099
1974-12-01 00:16:00,3,0.055,-99.96553547737639
1974-12-01 00:16:00,4,0.067,-99.9331673981892
1974-12-01 00:16:00,5,0.083,-100.06883722822307
1974-12-01 00:16:00,6,0.096,-99.91021845915894
1974-12-01 00:16:00,7,0.11,-99.8371063052376
1974-12-01 00:16:00,8,0.13,-100.09701495196514
1974-12-01 00:16:00,9,0.155,-100.08876956557145
1974-12-01 00:16:00,10,0.185,-100.86642156636798
1974-12-01 00:16:00,11,0.21,-101.01913439866951
1974-12-01 00:16:00,12,0.25,-100.85961786079335
1974-12-01 00:16:00,13,0.292,-100.04425357118922
1974-12-01 00:16:00,14,0.36,-99.85449544237292
1974-12-01 00:16:00,15,0.425,-99.98685141831946
1974-12-01 00:16:00,16,0.475,-99.97417711766774
1974-12-01 00:16:00,17,0.6,-99.84352819783301
1974-12-01 00:16:00,18,0.737,-100.03617704774442
1974-12-01 00:16:00,19,0.87,-100.0941122095925
1974-12-01 00:16:00,20,1.03,-100.04485642080283
1974-12-01 00:16:00,21,1.27,-99.95476660493568
1974-12-01 00:16:00,22,1.45,-100.15657590721806
1974-12-01 00:16:00,23,1.85,-99.93625290973489
1974-12-01 00:16:00,24,2.2,-100.05387713176178
1974-12-01 00:16:00,25,2.8,-99.88521873392665
1974-12-01 00:16:00,26,3.93,-100.23942603049005
1974-12-01 00:16:00,27,4.7,-100.07865657751042
1974-12-01 00:16:00,28,6.55,-100.16864681512341
1974-12-01 00:16:00,29,9.18,-100.08262294663639
1974-12-01 00:16:00,30,11.8,-99.9752334098891
1974-12-01 00:16:00,31,13.1,-100.01792266254498
1974-12-01 00:17:00,0,0.025,-100.0253377568948
1974-12-01 00:17:00,1,0.035,-100.01591848713801
1974-12-01 00:17:00,2,0.044,-99.979661175938
1974-12-01 00:17:00,3,0.055,-100.10085360419431
1974-12-01 00:17:00,4,0.067,-99.9293150359101
1974-12-01 00:17:00,5,0.083,-99.93373340296145
1974-12-01 00:17:00,6,0.096,-99.96149620623439
1974-12-01 00:17:00,7,0.11,-99.94434665572487
1974-12-01 00:17:00,8,0.13,-99.97035819991913
1974-12-01 00:17:00,9,0.155,-99.79649266972689
1974-12-01 00:17:00,10,0.185,-101.00870941710525
1974-12-01 00:17:00,11,0.21,-101.03070832183346
1974-12-01 00:17:00,12,0.25,-101.07535275803573
1974-12-01 00:17:00,13,0.292,-100.10322626705778
1974-12-01 00:17:00,14,0.36,-100.12444717876011
1974-12-01 00:17:00,15,0.425,-100.08887973132309
1974-12-01 00:17:00,16,0.475,-100.0070680381652
1974-12-01 00:17:00,17,0.6,-99.96657048715024
1974-12-01 00:17:00,18,0.737,-99.99488579414478
1974-12-01 00:17:00,19,0.87,-100.07655352774297
1974-12-01 00:17:00,20,1.03,-99.90998154359801
1974-12-01 00:17:00,21,1.27,-99.9260587327699
1974-12-01 00:17:00,22,1.45,-100.0159648307422
1974-12-01 00:17:00,23,1.85,-100.06529161446647
1974-12-01 00:17:00,24,2.2,-99.94515720791702
1974-12-01 00:17:00,25,2.8,-99.98120264125139
1974-12-01 00:17:00,26,3.93,-100.1448127259415
1974-12-01 00:17:00,27,4.7,-100.00679802559844
1974-12-01 00:17:00,28,6.55,-99.97379641879256
1974-12-01 00:17:00,29,9.18,-100.08996947864877
1974-12-01 00:17:00,30,11.8,-99.98101566071625
1974-12-01 00:17:00,31,13.1,-100.14548224852578
1974-12-01 00:18:00,0,0.025,-99.86638138999878
1974-12-01 00:18:00,1,0.035,-99.87520500149405
1974-12-01 00:18:00,2,0.044,-100.0252517334303
1974-12-01 00:18:00,3,0.055,-99.96365456621609
1974-12-01 00:18:00,4,0.067,-100.24099219657998
1974-12-01 00:18:00,5,0.083,-100.11563476602653
1974-12-01 00:18:00,6,0.096,-100.02937789201522
1974-12-01 00:18:00,7,0.11,-100.10721330214268
1974-12-01 00:18:00,8,0.13,-99.92856035173693
1974-12-01 00:18:00,9,0.155,-99.8002703469252
1974-12-01 00:18:00,10,0.185,-101.11766147194292
1974-12-01 00:18:00,11,0.21,-101.08374634040852
1974-12-01 00:18:00,12,0.25,-100.976455163169
1974-12-01 00:18:00,13,0.292,-99.83888838515004
1974-12-01 00:18:00,14,0.36,-100.12223743125399
1974-12-01 00:18:00,15,0.425,-99.97509638776931
1974-12-01 00:18:00,16,0.475,-99.81787011491869
1974-12-01 00:18:00,17,0.6,-100.16517591481792
1974-12-01 00:18:00,18,0.737,-100.12810692068459
1974-12-01 00:18:00,19,0.87,-100.04236066064608
1974-12-01 00:18:00,20,1.03,-100.05205884128554
1974-12-01 00:18:00,21,1.27,-99.91873987122463
1974-12-01 00:18:00,22,1.45,-99.97583402801791
1974-12-01 00:18:00,23,1.85,-100.17749620596422
1974-12-01 00:18:00,24,2.2,-99.94845895970992
1974-12-01 00:18:00,25,2.8,-100.05775388873556
1974-12-01 00:18:00,26,3.93,-99.87255527830588
1974-12-01 00:18:00,27,4.7,-100.06275875364369
1974-12-01 00:18:00,28,6.55,-100.06366152831022
1974-12-01 00:18:00,29,9.18,-99.94588683891955
1974-12-01 00:18:00,30,11.8,-99.92370735176631
1974-12-01 00:18:00,31,13.1,-99.95519006360638
1974-12-01 00:19:00,0,0.025,-100.16855973173848
1974-12-01 00:19:00,1,0.035,-99.94619655600718
1974-12-01 00:19:00,2,0.044,-100.10343080516743
1974-12-01 00:19:00,3,0.055,-99.97647238884117
1974-12-01 00:19:00,4,0.067,-100.14237344353991
1974-12-01 00:19:00,5,0.083,-99.9553677852457
1974-12-01 00:19:00,6,0.096,-100.08065989043074
1974-12-01 00:19:00,7,0.11,-100.12826346502605
1974-12-01 00:19:00,8,0.13,-99.92861798635175
1974-12-01 00:19:00,9,0.155,-99.97583554783232
1974-12-01 00:19:00,10,0.185,-101.0613976801393
1974-12-01 00:19:00,11,0.21,-100.8548821150979
1974-12-01 00:19:00,12,0.25,-101.04406524215698
1974-12-01 00:19:00,13,0.292,-99.99678923260291
1974-12-01 00:19:00,14,0.36,-99.97310865523214
1974-12-01 00:19:00,15,0.425,-100.06196659341286
1974-12-01 00:19:00,16,0.475,-99.95288637066001
1974-12-01 00:19:00,17,0.6,-100.05334523471647
1974-12-01 00:19:00,18,0.737,-100.04116383222163
1974-12-01 00:19:00,19,0.87,-99.86373573601966
1974-12-01 00:19:00,20,1.03,-100.10405860525124
1974-12-01 00:19:00,21,1.27,-100.24127803309295
1974-12-01 00:19:00,22,1.45,-99.8389063004988
1974-12-01 00:19:00,23,1.85,-99.7450672047393
1974-12-01 00:19:00,24,2.2,-100.04052692654493
1974-12-01 00:19:00,25,2.8,-100.19368380406202
1974-12-01 00:19:00,26,3.93,-100.0310483976196
1974-12-01 00:19:00,27,4.7,-100.02862229498406
1974-12-01 00:19:00,28,6.55,-100.01899238410222
1974-12-01 00:19:00,29,9.18,-100.11133880419219
1974-12-01 00:19:00,30,11.8,-99.94204388575235
1974-12-01 00:19:00,31,13.1,-99.9475492624714
1974-12-01 00:20:00,0,0.025,-100.14944056198193
1974-12-01 00:20:00,1,0.035,-99.9300803268305
1974-12-01 00:20:00,2,0.044,-99.79473150180542
1974-12-01 00:20:00,3,0.055,-99.9828039667563
1974-12-01 00:20:00,4,0.067,-100.03373251620685
1974-12-01 00:20:00,5,0.083,-100.01420032144075
1974-12-01 00:20:00,6,0.096,-99.93847432330314
1974-12-01 00:20:00,7,0.11,-100.17306716055072
1974-12-01 00:20:00,8,0.13,-99.98356092970226
1974-12-01 00:20:00,9,0.155,-100.03904639494628
1974-12-01 00:20:00,10,0.185,-99.8152174987044
1974-12-01 00:20:00,11,0.21,-100.0174172733805
1974-12-01 00:20:00,12,0.25,-99.83321123888805
1974-12-01 00:20:00,13,0.292,-100.1103740697782
1974-12-01 00:20:00,14,0.36,-99.94127408331973
1974-12-01 00:20:00,15,0.425,-99.96805997362088
1974-12-01 00:20:00,16,0.475,-100.08690472478648
1974-12-01 00:20:00,17,0.6,-99.9822603885363
1974-12-01 00:20:00,18,0.737,-99.87874811631684
1974-12-01 00:20:00,19,0.87,-100.03237917042865
1974-12-01 00:20:00,20,1.03,-100.16919626491698
1974-12-01 00:20:00,21,1.27,-100.00175628264775
1974-12-01 00:20:00,22,1.45,-100.09024230947925
1974-12-01 00:20:00,23,1.85,-100.03423409386639
1974-12-01 00:20:00,24,2.2,-100.00815877696851
1974-12-01 00:20:00,25,2.8,-100.17056522160155
1974-12-01 00:20:00,26,3.93,-100.16156583393207
1974-12-01 00:20:00,27,4.7,-99.95179331644745
1974-12-01 00:20:00,28,6.55,-100.05227186961697
1974-12-01 00:20:00,29,9.18,-100.25647443418205
1974-12-01 00:20:00,30,11.8,-99.92151559633919
1974-12-01 00:20:00,31,13.1,-99.97276302447257
1974-12-01 00:21:00,0,0.025,-100.07138748240365
1974-12-01 00:21:00,1,0.035,-100.13168302110583
1974-12-01 00:21:00,2,0.044,-99.91641921036856
1974-12-01 00:21:00,3,0.055,-99.96506493774396
1974-12-01 00:21:00,4,0.067,-99.7617397717316
1974-12-01 00:21:00,5,0.083,-99.9579811401275
1974-12-01 00:21:00,6,0.096,-99.9612296858738
1974-12-01 00:21:00,7,0.11,-100.01669279301086
1974-12-01 00:21:00,8,0.13,-99.91832241327992
1974-12-01 00:21:00,9,0.155,-99.93749147987519
1974-12-01 00:21:00,10,0.185,-99.87482749914348
1974-12-01 00:21:00,11,0.21,-100.05213229186373
1974-12-01 00:21:00,12,0.25,-100.0435407472944
1974-12-01 00:21:00,13,0.292,-100.0479103170912
1974-12-01 00:21:00,14,0.36,-99.9209198278821
1974-12-01 00:21:00,15,0.425,-99.85016255597033
1974-12-01 00:21:00,16,0.475,-100.04588404931494
1974-12-01 00:21:00,17,0.6,-100.0424773727793
1974-12-01 00:21:00,18,0.737,-99.96859227761303
1974-12-01 00:21:00,19,0.87,-100.0245761500013
1974-12-01 00:21:00,20,1.03,-99.90479463468601
1974-12-01 00:21:00,21,1.27,-100.22517772906191
1974-12-01 00:21:00,22,1.45,-100.08267050469169
1974-12-01 00:21:00,23,1.85,-100.07824163339615
1974-12-01 00:21:00,24,2.2,-100.23203560123862
1974-12-01 00:21:00,25,2.8,-100.09636384443688
1974-12-01 00:21:00,26,3.93,-100.0915156115846
1974-12-01 00:21:00,27,4.7,-100.02011046545188
1974-12-01 00:21:00,28,6.55,-99.88870341083397
1974-12-01 00:21:00,29,9.18,-100.02450606511907
1974-12-01 00:21:00,30,11.8,-100.10308137202712
1974-12-01 00:21:00,31,13.1,-100.00569545412135
1974-12-01 00:22:00,0,0.025,-99.89508263785586
1974-12-01 00:22:00,1,0.035,-100.0975958816115
1974-12-01 00:22:00,2,0.044,-100.09105748839214
1974-12-01 00:22:00,3,0.055,-99.94414510407258
1974-12-01 00:22:00,4,0.067,-100.02215361157307
1974-12-01 00:22:00,5,0.083,-99.93525153092905
1974-12-01 00:22:00,6,0.096,-100.00136467917953
1974-12-01 00:22:00,7,0.11,-99.92983363519105
1974-12-01 00:22:00,8,0.13,-100.10350781140406
1974-12-01 00:22:00,9,0.155,-100.00120846507883
1974-12-01 00:22:00,10,0.185,-100.02106900143632
1974-12-01 00:22:00,11,0.21,-100.12158909241042
1974-12-01 00:22:00,12,0.25,-100.15634779478687
1974-12-01 00:22:00,13,0.292,-99.93142509647254
1974-12-01 00:22:00,14,0.36,-100.0350952382218
1974-12-01 00:22:00,15,0.425,-100.10222802816473
1974-12-01 00:22:00,16,0.475,-100.00961789369234
1974-12-01 00:22:00,17,0.6,-99.88719811426508
1974-12-01 00:22:00,18,0.737,-100.22807378453719
1974-12-01 00:22:00,19,0.87,-100.14966386899033
1974-12-01 00:22:00,20,1.03,-100.09228864418952
1974-12-01 00:22:00,21,1.27,-99.85388211332797
1974-12-01 00:22:00,22,1.45,-99.97174130170806
1974-12-01 00:22:00,23,1.85,-99.92326827595387
1974-12-01 00:22:00,24,2.2,-100.11401609191262
1974-12-01 00:22:00,25,2.8,-100.11195358752705
1974-12-01 00:22:00,26,3.93,-99.95521862832773
1974-12-01 00:22:00,27,4.7,-99.99417256690646
1974-12-01 00:22:00,28,6.55,-99.94512611811359
1974-12-01 00:22:00,29,9.18,-100.01876709909284
1974-12-01 00:22:00,30,11.8,-99.97218562735453
1974-12-01 00:22:00,31,13.1,-99.9841880915095
1974-12-01 00:23:00,0,0.025,-99.9222232610915
1974-12-01 00:23:00,1,0.035,-99.91929917180555
1974-12-01 00:23:00,2,0.044,-100.16198719943918
1974-12-01 00:23:00,3,0.055,-100.22472685553409
1974-12-01 00:23:00,4,0.067,-99.89982546023485
1974-12-01 00:23:00,5,0.083,-99.88122749067381
1974-12-01 00:23:00,6,0.096,-100.10206230195134
1974-12-01 00:23:00,7,0.11,-100.18598354065456
1974-12-01 00:23:00,8,0.13,-99.99009651789927
1974-12-01 00:23:00,9,0.155,-99.90691617736495
1974-12-01 00:23:00,10,0.185,-99.82024054775657
1974-12-01 00:23:00,11,0.21,-99.94837024278985
1974-12-01 00:23:00,12,0.25,-100.03717166965858
1974-12-01 00:23:00,13,0.292,-100.08931306215848
1974-12-01 00:23:00,14,0.36,-99.99885487083293
1974-12-01 00:23:00,15,0.425,-100.02992647038853
1974-12-01 00:23:00,16,0.475,-100.10150679057288
1974-12-01 00:23:00,17,0.6,-99.79512443491367
1974-12-01 00:23:00,18,0.737,-99.82148315979279
1974-12-01 00:23:00,19,0.87,-99.88639513164446
1974-12-01 00:23:00,20,1.03,-100.09208503978091
1974-12-01 00:23:00,21,1.27,-99.91449806757028
1974-12-01 00:23:00,22,1.45,-99.9360373590502
1974-12-01 00:23:00,23,1.85,-99.9557454375796
1974-12-01 00:23:00,24,2.2,-99.87503347329562
1974-12-01 00:23:00,25,2.8,-99.93646288571387
1974-12-01 00:23:00,26,3.93,-99.92599857636957
1974-12-01 00:23:00,27,4.7,-99.93630937166277
1974-12-01 00:23:00,28,6.55,-99.96592085919978
1974-12-01 00:23:00,29,9.18,-100.17836111297142
1974-12-01 00:23:00,30,11.8,-99.99163789225895
1974-12-01 00:23:00,31,13.1,-100.05561919588492
1974-12-01 00:24:00,0,0.025,-100.127984095764
1974-12-01 00:24:00,1,0.035,-99.83181833806992
1974-12-01 00:24:00,2,0.044,-99.82710046591143
1974-12-01 00:24:00,3,0.055,-99.86407793997044
1974-12-01 00:24:00,4,0.067,-99.97447865831441
1974-12-01 00:24:00,5,0.083,-99.86493748790474
1974-12-01 00:24:00,6,0.096,-99.99879468193981
1974-12-01 00:24:00,7,0.11,-99.97972027231022
1974-12-01 00:24:00,8,0.13,-100.1093471370462
1974-12-01 00:24:00,9,0.155,-99.96030086955011
1974-12-01 00:24:00,10,0.185,-99.99396140715756
1974-12-01 00:24:00,11,0.21,-100.13026521168345
1974-12-01 00:24:00,12,0.25,-100.00511971118166
1974-12-01 00:24:00,13,0.292,-100.00797295638569
1974-12-01 00:24:00,14,0.36,-99.82024388333554
1974-12-01 00:24:00,15,0.425,-99.91057866714866
1974-12-01 00:24:00,16,0.475,-99.99885545609085
1974-12-01 00:24:00,17,0.6,-99.9751212690199
1974-12-01 00:24:00,18,0.737,-99.99557876218958
1974-12-01 00:24:00,19,0.87,-100.02029139847956
1974-12-01 00:24:00,20,1.03,-100.10824271973883
1974-12-01 00:24:00,21,1.27,-100.0151051877607
1974-12-01 00:24:00,22,1.45,-100.07460982566525
1974-12-01 00:24:00,23,1.85,-100.12503155389231
1974-12-01 00:24:00,24,2.2,-99.94887781854524
1974-12-01 00:24:00,25,2.8,-99.96087353400668
1974-12-01 00:24:00,26,3.93,-100.1786707511368
1974-12-01 00:24:00,27,4.7,-100.0122684637495
1974-12-01 00:24:00,28,6.55,-99.90042986141
1974-12-01 00:24:00,29,9.18,-99.89407762611037
1974-12-01 00:24:00,30,11.8,-99.89741631571148
1974-12-01 00:24:00,31,13.1,-99.99610867930986
1974-12-01 00:25:00,0,0.025,-100.08450453279691
1974-12-01 00:25:00,1,0.035,-100.1083698827358
1974-12-01 00:25:00,2,0.044,-99.96553950952496
1974-12-01 00:25:00,3,0.055,-99.96207199656348
1974-12-01 00:25:00,4,0.067,-99.8712668888395
1974-12-01 00:25:00,5,0.083,-99.89000203496579
1974-12-01 00:25:00,6,0.096,-100.01322286565312
1974-12-01 00:25:00,7,0.11,-100.12442058788609
1974-12-01 00:25:00,8,0.13,-100.03191065970108
1974-12-01 00:25:00,9,0.155,-99.97827688051895
1974-12-01 00:25:00,10,0.185,-100.02020832453894
1974-12-01 00:25:00,11,0.21,-100.05778941080777
1974-12-01 00:25:00,12,0.25,-99.97471151850301
1974-12-01 00:25:00,13,0.292,-100.05039577414107
1974-12-01 00:25:00,14,0.36,-100.06280660837254
1974-12-01 00:25:00,15,0.425,-99.96885471656965
1974-12-01 00:25:00,16,0.475,-100.04019925801292
1974-12-01 00:25:00,17,0.6,-99.97558956110217
1974-12-01 00:25:00,18,0.737,-99.97267959771479
1974-12-01 00:25:00,19,0.87,-100.11394290010915
1974-12-01 00:25:00,20,1.03,-100.04812411238655
1974-12-01 00:25:00,21,1.27,-99.85622230600835
1974-12-01 00:25:00,22,1.45,-100.11620795127342
1974-12-01 00:25:00,23,1.85,-100.21166544489705
1974-12-01 00:25:00,24,2.2,-100.18618451532426
1974-12-01 00:25:00,25,2.8,-99.99708900534233
1974-12-01 00:25:00,26,3.93,-99.99690827219673
1974-12-01 00:25:00,27,4.7,-100.01176108554252
1974-12-01 00:25:00,28,6.55,-99.87858101710715
1974-12-01 00:25:00,29,9.18,-100.26728344331029
1974-12-01 00:25:00,30,11.8,-99.96040661255692
1974-12-01 00:25:00,31,13.1,-99.84385617981964
1974-12-01 00:26:00,0,0.025,-100.11277807648918
1974-12-01 00:26:00,1,0.035,-100.03798065117898
1974-12-01 00:26:00,2,0.044,-100.07528919172286
1974-12-01 00:26:00,3,0.055,-100.08943460460775
1974-12-01 00:26:00,4,0.067,-100.0326262005023
1974-12-01 00:26:00,5,0.083,-99.85725147163154
1974-12-01 00:26:00,6,0.096,-99.81626133245125
1974-12-01 00:26:00,7,0.11,-100.03359392250401
1974-12-01 00:26:00,8,0.13,-99.80949397859355
1974-12-01 00:26:00,9,0.155,-99.99644235230154
1974-12-01 00:26:00,10,0.185,-99.8246308973299
1974-12-01 00:26:00,11,0.21,-100.00932986496535
1974-12-01 00:26:00,12,0.25,-99.98689421739539
1974-12-01 00:26:00,13,0.292,-99.96345255273572
1974-12-01 00:26:00,14,0.36,-99.68211463206325
1974-12-01 00:26:00,15,0.425,-99.91487144251552
1974-12-01 00:26:00,16,0.475,-100.07072645299515
1974-12-01 00:26:00,17,0.6,-99.90310021297242
1974-12-01 00:26:00,18,0.737,-100.03618325370843
1974-12-01 00:26:00,19,0.87,-100.04897501829012
1974-12-01 00:26:00,20,1.03,-99.90913986401078
1974-12-01 00:26:00,21,1.27,-99.99689144122289
1974-12-01 00:26:00,22,1.45,-99.97214240854882
1974-12-01 00:26:00,23,1.85,-99.99860147781347
1974-12-01 00:26:00,24,2.2,-99.96634168733945
1974-12-01 00:26:00,25,2.8,-99.95750341025638
1974-12-01 00:26:00,26,3.93,-100.19369669327054
1974-12-01 00:26:00,27,4.7,-99.93334273313904
1974-12-01 00:26:00,28,6.55,-100.09820194198304
1974-12-01 00:26:00,29,9.18,-100.14422991355595
1974-12-01 00:26:00,30,11.8,-100.00584112438587
1974-12-01 00:26:00,31,13.1,-99.99160189966855
1974-12-01 00:27:00,0,0.025,-100.06935061645723
1974-12-01 00:27:00,1,0.035,-99.9168968142332
1974-12-01 00:27:00,2,0.044,-100.1342175166371
1974-12-01 00:27:00,3,0.055,-100.04069437487726
1974-12-01 00:27:00,4,0.067,-100.0584874134933
1974-12-01 00:27:00,5,0.083,-100.00465872703393
1974-12-01 00:27:00,6,0.096,-99.97211357153527
1974-12-01 00:27:00,7,0.11,-100.10078929496235
1974-12-01 00:27:00,8,0.13,-99.92757173225438
1974-12-01 00:27:00,9,0.155,-99.99369976316653
1974-12-01 00:27:00,10,0.185,-100.1891946253312
1974-12-01 00:27:00,11,0.21,-100.1958591440397
1974-12-01 00:27:00,12,0.25,-100.00123192929293
1974-12-01 00:27:00,13,0.292,-100.02209673177863
1974-12-01 00:27:00,14,0.36,-100.01034201135747
1974-12-01 00:27:00,15,0.425,-100.00279824565303
1974-12-01 00:27:00,16,0.475,-99.97744401604898
1974-12-01 00:27:00,17,0.6,-99.90523503901517
1974-12-01 00:27:00,18,0.737,-100.11111049009176
1974-12-01 00:27:00,19,0.87,-100.11719715929009
1974-12-01 00:27:00,20,1.03,-100.10933238578873
1974-12-01 00:27:00,21,1.27,-99.97110833328313
1974-12-01 00:27:00,22,1.45,-99.87550526213535
1974-12-01 00:27:00,23,1.85,-100.04313394382395
1974-12-01 00:27:00,24,2.2,-100.25016998441596
1974-12-01 00:27:00,25,2.8,-100.17039928626103
1974-12-01 00:27:00,26,3.93,-100.0833036722796
1974-12-01 00:27:00,27,4.7,-100.05577288874952
1974-12-01 00:27:00,28,6.55,-100.04083886272548
1974-12-01 00:27:00,29,9.18,-99.99614188770191
1974-12-01 00:27:00,30,11.8,-100.03117463308224
1974-12-01 00:27:00,31,13.1,-99.89506603894566
1974-12-01 00:28:00,0,0.025,-100.06760173056814
1974-12-01 00:28:00,1,0.035,-100.08623179594755
1974-12-01 00:28:00,2,0.044,-99.95211244614795
1974-12-01 00:28:00,3,0.055,-100.15356420699261
1974-12-01 00:28:00,4,0.067,-99.961030829468
1974-12-01 00:28:00,5,0.083,-99.98974468162737
1974-12-01 00:28:00,6,0.096,-100.01474424899182
1974-12-01 00:28:00,7,0.11,-99.84117238928508
1974-12-01 00:28:00,8,0.13,-100.06222074452947
1974-12-01 00:28:00,9,0.155,-99.79397018294759
1974-12-01 00:28:00,10,0.185,-100.0225431449228
1974-12-01 00:28:00,11,0.21,-100.12770164449702
1974-12-01 00:28:00,12,0.25,-99.99300804190052
1974-12-01 00:28:00,13,0.292,-100.10762452003188
1974-12-01 00:28:00,14,0.36,-100.07517558478135
1974-12-01 00:28:00,15,0.425,-99.96029666999846
1974-12-01 00:28:00,16,0.475,-99.94444179113499
1974-12-01 00:28:00,17,0.6,-100.06221677002543
1974-12-01 00:28:00,18,0.737,-99.90125948549536
1974-12-01 00:28:00,19,0.87,-99.88424922419789
1974-12-01 00:28:00,20,1.03,-99.85636982434367
1974-12-01 00:28:00,21,1.27,-99.94705865928742
1974-12-01 00:28:00,22,1.45,-99.86365712879143
1974-12-01 00:28:00,23,1.85,-100.1880798427974
1974-12-01 00:28:00,24,2.2,-100.03179065486285
1974-12-01 00:28:00,25,2.8,-100.08670052563234
1974-12-01 00:28:00,26,3.93,-99.98807741388725
1974-12-01 00:28:00,27,4.7,-100.05714492191967
1974-12-01 00:28:00,28,6.55,-100.01661578419497
1974-12-01 00:28:00,29,9.18,-99.8117825119796
1974-12-01 00:28:00,30,11.8,-100.01697197964204
1974-12-01 00:28:00,31,13.1,-99.95862076828098
1974-12-01 00:29:00,0,0.025,-100.02322693299243
1974-12-01 00:29:00,1,0.035,-99.99242867120432
1974-12-01 00:29:00,2,0.044,-99.9993983319564
1974-12-01 00:29:00,3,0.055,-99.95516759340268
1974-12-01 00:29:00,4,0.067,-99.88346924644529
1974-12-01 00:29:00,5,0.083,-99.83526060023966
1974-12-01 00:29:00,6,0.096,-99.96903799180909
1974-12-01 00:29:00,7,0.11,-99.94104531139644
1974-12-01 00:29:00,8,0.13,-100.11508645091855
1974-12-01 00:29:00,9,0.155,-100.00878767424156
1974-12-01 00:29:00,10,0.185,-99.90597105351164
1974-12-01 00:29:00,11,0.21,-99.91340313615828
1974-12-01 00:29:00,12,0.25,-99.9788390267205
1974-12-01 00:29:00,13,0.292,-99.91136060404321
1974-12-01 00:29:00,14,0.36,-99.95092332910062
1974-12-01 00:29:00,15,0.425,-99.87996937417407
1974-12-01 00:29:00,16,0.475,-99.97106408430429
1974-12-01 00:29:00,17,0.6,-100.0355698315571
1974-12-01 00:29:00,18,0.737,-99.96641587430669
1974-12-01 00:29:00,19,0.87,-100.29305943758527
1974-12-01 00:29:00,20,1.03,-99.96171142636149
1974-12-01 00:29:00,21,1.27,-100.36484128252148
1974-12-01 00:29:00,22,1.45,-100.17234634074055
1974-12-01 00:29:00,23,1.85,-99.9548231399059
1974-12-01 00:29:00,24,2.2,-99.95224706627332
1974-12-01 00:29:00,25,2.8,-100.11624287801399
1974-12-01 00:29:00,26,3.93,-100.07121020418789
1974-12-01 00:29:00,27,4.7,-99.86294590113859
1974-12-01 00:29:00,28,6.55,-100.04840301315727
1974-12-01 00:29:00,29,9.18,-99.7757079687597
1974-12-01 00:29:00,30,11.8,-100.00019198531763
1974-12-01 00:29:00,31,13.1,-99.95919638231187
1974-12-01 00:30:00,0,0.025,-99.83831256015014
1974-12-01 00:30:00,1,0.035,-99.98689728838066
1974-12-01 00:30:00,2,0.044,-100.10023439806908
1974-12-01 00:30:00,3,0.055,-100.01097274516943
1974-12-01 00:30:00,4,0.067,-100.00356107361901
1974-12-01 00:30:00,5,0.083,-100.13647416522015
1974-12-01 00:30:00,6,0.096,-100.02558320713408
1974-12-01 00:30:00,7,0.11,-100.07421920939974
1974-12-01 00:30:00,8,0.13,-99.90756422428126
1974-12-01 00:30:00,9,0.155,-99.99653881258148
1974-12-01 00:30:00,10,0.185,-101.02827957491476
1974-12-01 00:30:00,11,0.21,-101.01061819306226
1974-12-01 00:30:00,12,0.25,-100.97768779815938
1974-12-01 00:30:00,13,0.292,-99.93831858003102
1974-12-01 00:30:00,14,0.36,-100.09997122286694
1974-12-01 00:30:00,15,0.425,-100.10415876326212
1974-12-01 00:30:00,16,0.475,-99.88953207845975
1974-12-01 00:30:00,17,0.6,-100.04123368722047
1974-12-01 00:30:00,18,0.737,-100.1416842092597
1974-12-01 00:30:00,19,0.87,-99.95561872906168
1974-12-01 00:30:00,20,1.03,-99.95366301939673
1974-12-01 00:30:00,21,1.27,-100.15307152572566
1974-12-01 00:30:00,22,1.45,-99.97705182845364
1974-12-01 00:30:00,23,1.85,-99.92644169075716
1974-12-01 00:30:00,24,2.2,-99.96256135482938
1974-12-01 00:30:00,25,2.8,-99.93680185162385
1974-12-01 00:30:00,26,3.93,-100.14042690980908
1974-12-01 00:30:00,27,4.7,-99.96689598450038
1974-12-01 00:30:00,28,6.55,-100.03026197594704
1974-12-01 00:30:00,29,9.18,-100.04827901587247
1974-12-01 00:30:00,30,11.8,-99.91294443905802
1974-12-01 00:30:00,31,13.1,-99.85207254893258
1974-12-01 00:31:00,0,0.025,-99.82056299453997
1974-12-01 00:31:00,1,0.035,-99.8685192128494
1974-12-01 00:31:00,2,0.044,-100.01097341816302
1974-12-01 00:31:00,3,0.055,-99.96472798369737
1974-12-01 00:31:00,4,0.067,-99.92331771282157
1974-12-01 00:31:00,5,0.083,-99.98788220507005
1974-12-01 00:31:00,6,0.096,-99.98692358120884
1974-12-01 00:31:00,7,0.11,-99.91762468681239
1974-12-01 00:31:00,8,0.13,-100.00592826460259
1974-12-01 00:31:00,9,0.155,-100.07292869363737
1974-12-01 00:31:00,10,0.185,-101.04144730658359
1974-12-01 00:31:00,11,0.21,-100.93660896222663
1974-12-01 00:31:00,12,0.25,-100.99970067088
1974-12-01 00:31:00,13,0.292,-99.96597900231316
1974-12-01 00:31:00,14,0.36,-99.93299207577978
1974-12-01 00:31:00,15,0.425,-100.03748414628976
1974-12-01 00:31:00,16,0.475,-99.92437518363703
1974-12-01 00:31:00,17,0.6,-99.96211573965417
1974-12-01 00:31:00,18,0.737,-100.12348130869115
1974-12-01 00:31:00,19,0.87,-99.85576952088138
1974-12-01 00:31:00,20,1.03,-100.05007447437569
1974-12-01 00:31:00,21,1.27,-100.16550953431852
1974-12-01 00:31:00,22,1.45,-100.10450437095864
1974-12-01 00:31:00,23,1.85,-100.10210451606783
1974-12-01 00:31:00,24,2.2,-99.99478266813425
1974-12-01 00:31:00,25,2.8,-100.02738505055463
1974-12-01 00:31:00,26,3.93,-100.03368319676406
1974-12-01 00:31:00,27,4.7,-99.93802980345176
1974-12-01 00:31:00,28,6.55,-99.96601246388073
1974-12-01 00:31:00,29,9.18,-99.96839521293558
1974-12-01 00:31:00,30,11.8,-99.95901715426713
1974-12-01 00:31:00,31,13.1,-99.93838653319978
1974-12-01 00:32:00,0,0.025,-100.21079533417775
1974-12-01 00:32:00,1,0.035,-100.03644382522644
1974-12-01 00:32:00,2,0.044,-100.21802100644895
1974-12-01 00:32:00,3,0.055,-99.99639400732022
1974-12-01 00:32:00,4,0.067,-100.00046329722244
1974-12-01 00:32:00,5,0.083,-99.89544677252103
1974-12-01 00:32:00,6,0.096,-99.88123656072788
1974-12-01 00:32:00,7,0.11,-99.97972249517477
1974-12-01 00:32:00,8,0.13,-100.05003610773969
1974-12-01 00:32:00,9,0.155,-99.95148388874543
1974-12-01 00:32:00,10,0.185,-101.05279176373243
1974-12-01 00:32:00,11,0.21,-101.00013926514434
1974-12-01 00:32:00,12,0.25,-100.90138636830392
1974-12-01 00:32:00,13,0.292,-100.05577713459894
1974-12-01 00:32:00,14,0.36,-99.91943213607576
1974-12-01 00:32:00,15,0.425,-99.93225986313077
1974-12-01 00:32:00,16,0.475,-100.09547918171309
1974-12-01 00:32:00,17,0.6,-99.90261058717826
1974-12-01 00:32:00,18,0.737,-99.93014336546285
1974-12-01 00:32:00,19,0.87,-99.98980741126273
1974-12-01 00:32:00,20,1.03,-100.07623234580277
1974-12-01 00:32:00,21,1.27,-100.08592060185755
1974-12-01 00:32:00,22,1.45,-100.0537662576903
1974-12-01 00:32:00,23,1.85,-99.9457405536708
1974-12-01 00:32:00,24,2.2,-100.09556251674015
1974-12-01 00:32:00,25,2.8,-99.95624877513801
1974-12-01 00:32:00,26,3.93,-100.12417555288783
1974-12-01 00:32:00,27,4.7,-100.02040685844389
1974-12-01 00:32:00,28,6.55,-99.9890352245426
1974-12-01 00:32:00,29,9.18,-99.7554869854941
1974-12-01 00:32:00,30,11.8,-100.13773156555203
1974-12-01 00:32:00,31,13.1,-99.85279854335099
1974-12-01 00:33:00,0,0.025,-99.98501575860128
1974-12-01 00:33:00,1,0.035,-99.95888280819841
1974-12-01 00:33:00,2,0.044,-99.98816520866119
1974-12-01 00:33:00,3,0.055,-99.95552731818047
1974-12-01 00:33:00,4,0.067,-100.0153685104362
1974-12-01 00:33:00,5,0.083,-99.85459498185425
1974-12-01 00:33:00,6,0.096,-100.04564711442248
1974-12-01 00:33:00,7,0.11,-99.88677654278207
1974-12-01 00:33:00,8,0.13,-100.0644367120213
1974-12-01 00:33:00,9,0.155,-100.00602518464012
1974-12-01 00:33:00,10,0.185,-101.10719625522903
1974-12-01 00:33:00,11,0.21,-100.95449762796525
1974-12-01 00:33:00,12,0.25,-100.85548740430734
1974-12-01 00:33:00,13,0.292,-100.00773561798209
1974-12-01 00:33:00,14,0.36,-100.0196885698704
1974-12-01 00:33:00,15,0.425,-100.11146169630679
1974-12-01 00:33:00,16,0.475,-100.02292926535523
1974-12-01 00:33:00,17,0.6,-100.15927942597216
1974-12-01 00:33:00,18,0.737,-100.09128779867189
1974-12-01 00:33:00,19,0.87,-99.97732139538908
1974-12-01 00:33:00,20,1.03,-99.86809868022586
1974-12-01 00:33:00,21,1.27,-99.71907891387706
1974-12-01 00:33:00,22,1.45,-100.0586585085071
1974-12-01 00:33:00,23,1.85,-99.85646998433546
1974-12-01 00:33:00,24,2.2,-99.97562475195984
1974-12-01 00:33:00,25,2.8,-100.01512476467464
1974-12-01 00:33:00,26,3.93,-99.95674055482739
1974-12-01 00:33:00,27,4.7,-99.993808351632
1974-12-01 00:33:00,28,6.55,-99.98896042743878
1974-12-01 00:33:00,29,9.18,-100.04083331628267
1974-12-01 00:33:00,30,11.8,-100.13981096597989
1974-12-01 00:33:00,31,13.1,-100.1543625202522
1974-12-01 00:34:00,0,0.025,-99.93467551167188
1974-12-01 00:34:00,1,0.035,-100.02767000900857
1974-12-01 00:34:00,2,0.044,-100.05960888996562
1974-12-01 00:34:00,3,0.055,-99.99914943732769
1974-12-01 00:34:00,4,0.067,-99.92050677470844
1974-12-01 00:34:00,5,0.083,-99.98196360569736
1974-12-01 00:34:00,6,0.096,-100.0656054936641
1974-12-01 00:34:00,7,0.11,-99.87737070443511
1974-12-01 00:34:00,8,0.13,-99.84208144970184
1974-12-01 00:34:00,9,0.155,-99.95054433446771
1974-12-01 00:34:00,10,0.185,-100.90263364886559
1974-12-01 00:34:00,11,0.21,-100.87580400031862
1974-12-01 00:34:00,12,0.25,-100.88699006835955
1974-12-01 00:34:00,13,0.292,-99.93859008228874
1974-12-01 00:34:00,14,0.36,-99.94016529529252
1974-12-01 00:34:00,15,0.425,-99.94803394266535
1974-12-01 00:34:00,16,0.475,-100.1097337674547
1974-12-01 00:34:00,17,0.6,-99.92992768431404
1974-12-01 00:34:00,18,0.737,-100.13558139711266
1974-12-01 00:34:00,19,0.87,-100.07945994551251
1974-12-01 00:34:00,20,1.03,-99.86964349321919
1974-12-01 00:34:00,21,1.27,-99.91597798373058
1974-12-01 00:34:00,22,1.45,-99.85126017103141
1974-12-01 00:34:00,23,1.85,-100.02716743836874
1974-12-01 00:34:00,24,2.2,-100.11522488412767
1974-12-01 00:34:00,25,2.8,-100.02404371970704
1974-12-01 00:34:00,26,3.93,-99.98979687027594
1974-12-01 00:34:00,27,4.7,-99.992101128366
1974-12-01 00:34:00,28,6.55,-99.88663195212433
1974-12-01 00:34:00,29,9.18,-100.03612704250034
1974-12-01 00:34:00,30,11.8,-99.9647965528197
1974-12-01 00:34:00,31,13.1,-100.09886271494346
1974-12-01 00:35:00,0,0.025,-99.95496827219561
1974-12-01 00:35:00,1,0.035,-99.99968914498143
1974-12-01 00:35:00,2,0.044,-100.07498133382845
1974-12-01 00:35:00,3,0.055,-100.02358293621748
1974-12-01 00:35:00,4,0.067,-100.01841757465152
1974-12-01 00:35:00,5,0.083,-100.02701551293372
1974-12-01 00:35:00,6,0.096,-99.82286587577323
1974-12-01 00:35:00,7,0.11,-100.00984460023079
1974-12-01 00:35:00,8,0.13,-100.02438961101774
1974-12-01 00:35:00,9,0.155,-100.20974509576101
1974-12-01 00:35:00,10,0.185,-101.08942073519795
1974-12-01 00:35:00,11,0.21,-101.02630734244563
1974-12-01 00:35:00,12,0.25,-101.06858526761766
1974-12-01 00:35:00,13,0.292,-99.86182924066222
1974-12-01 00:35:00,14,0.36,-100.01649377753962
1974-12-01 00:35:00,15,0.425,-99.87115557506817
1974-12-01 00:35:00,16,0.475,-99.99382953659496
1974-12-01 00:35:00,17,0.6,-99.99627721635784
1974-12-01 00:35:00,18,0.737,-100.00887964477126
1974-12-01 00:35:00,19,0.87,-99.99962037483786
1974-12-01 00:35:00,20,1.03,-99.82812049969502
1974-12-01 00:35:00,21,1.27,-100.23196107267512
1974-12-01 00:35:00,22,1.45,-100.20015457444387
1974-12-01 00:35:00,23,1.85,-100.05431708310562
1974-12-01 00:35:00,24,2.2,-99.99854721180624
1974-12-01 00:35:00,25,2.8,-99.9309895575236
1974-12-01 00:35:00,26,3.93,-99.95269128019726
1974-12-01 00:35:00,27,4.7,-100.03842459128806
1974-12-01 00:35:00,28,6.55,-99.89809563067583
1974-12-01 00:35:00,29,9.18,-99.89698045968473
1974-12-01 00:35:00,30,11.8,-99.98159421687285
1974-12-01 00:35:00,31,13.1,-99.90373424275131
1974-12-01 00:36:00,0,0.025,-99.97273547365678
1974-12-01 00:36:00,1,0.035,-100.0561483026783
1974-12-01 00:36:00,2,0.044,-99.9302183161
1974-12-01 00:36:00,3,0.055,-99.98893868774213
1974-12-01 00:36:00,4,0.067,-99.99986601532456
1974-12-01 00:36:00,5,0.083,-99.85270464278105
1974-12-01 00:36:00,6,0.096,-100.245087212854
1974-12-01 00:36:00,7,0.11,-100.14176841701595
1974-12-01 00:36:00,8,0.13,-100.11870704263744
1974-12-01 00:36:00,9,0.155,-100.03632606475688
1974-12-01 00:36:00,10,0.185,-101.0254608169766
1974-12-01 00:36:00,11,0.21,-101.1507325647773
1974-12-01 00:36:00,12,0.25,-101.09851580323108
1974-12-01 00:36:00,13,0.292,-100.08608416785236
1974-12-01 00:36:00,14,0.36,-99.7542575907924
1974-12-01 00:36:00,15,0.425,-99.81982580522528
1974-12-01 00:36:00,16,0.475,-100.04117494176846
1974-12-01 00:36:00,17,0.6,-100.03635832903068
1974-12-01 00:36:00,18,0.737,-100.11492039971883
1974-12-01 00:36:00,19,0.87,-100.19081304132253
1974-12-01 00:36:00,20,1.03,-100.01168801864085
1974-12-01 00:36:00,21,1.27,-100.0997851983244
1974-12-01 00:36:00,22,1.45,-100.0084850531662
1974-12-01 00:36:00,23,1.85,-100.16002058490434
1974-12-01 00:36:00,24,2.2,-100.07619744583103
1974-12-01 00:36:00,25,2.8,-99.98513729046972
1974-12-01 00:36:00,26,3.93,-99.96337904022161
1974-12-01 00:36:00,27,4.7,-99.95825280412579
1974-12-01 00:36:00,28,6.55,-100.1320488984157
1974-12-01 00:36:00,29,9.18,-99.91453142698644
1974-12-01 00:36:00,30,11.8,-100.08002116966018
1974-12-01 00:36:00,31,13.1,-99.93671420853927
1974-12-01 00:37:00,0,0.025,-100.00106386766181
1974-12-01 00:37:00,1,0.035,-100.1376387499078
1974-12-01 00:37:00,2,0.044,-100.03161977045812
1974-12-01 00:37:00,3,0.055,-99.96346362579362
1974-12-01 00:37:00,4,0.067,-99.93870346195254
1974-12-01 00:37:00,5,0.083,-100.01409878974444
1974-12-01 00:37:00,6,0.096,-99.8468221109399
1974-12-01 00:37:00,7,0.11,-99.89924892290135
1974-12-01 00:37:00,8,0.13,-100.02566541163998
1974-12-01 00:37:00,9,0.155,-99.9249878187863
1974-12-01 00:37:00,10,0.185,-100.80662065148118
1974-12-01 00:37:00,11,0.21,-100.8039515399217
1974-12-01 00:37:00,12,0.25,-101.12279998808225
1974-12-01 00:37:00,13,0.292,-100.09265331111571
1974-12-01 00:37:00,14,0.36,-99.85150812132662
1974-12-01 00:37:00,15,0.425,-100.10582810508376
1974-12-01 00:37:00,16,0.475,-100.13225411332917
1974-12-01 00:37:00,17,0.6,-100.0486194130699
1974-12-01 00:37:00,18,0.737,-99.95797732905254
1974-12-01 00:37:00,19,0.87,-100.01023967066111
1974-12-01 00:37:00,20,1.03,-100.06505636204056
1974-12-01 00:37:00,21,1.27,-100.06742124617246
1974-12-01 00:37:00,22,1.45,-100.07123370644128
1974-12-01 00:37:00,23,1.85,-100.08795096286589
1974-12-01 00:37:00,24,2.2,-99.77183671227239
1974-12-01 00:37:00,25,2.8,-99.97024889288144
1974-12-01 00:37:00,26,3.93,-99.91132409455953
1974-12-01 00:37:00,27,4.7,-100.04890774681189
1974-12-01 00:37:00,28,6.55,-100.0185956677186
1974-12-01 00:37:00,29,9.18,-100.07135539813703
1974-12-01 00:37:00,30,11.8,-100.26517083349192
1974-12-01 00:37:00,31,13.1,-100.1378009276848
1974-12-01 00:38:00,0,0.025,-100.18106186799804
1974-12-01 00:38:00,1,0.035,-100.22497837779517
1974-12-01 00:38:00,2,0.044,-100.11953589742981
1974-12-01 00:38:00,3,0.055,-99.86750443206184
1974-12-01 00:38:00,4,0.067,-100.00444361677043
1974-12-01 00:38:00,5,0.083,-99.87094362376789
1974-12-01 00:38:00,6,0.096,-99.95890174230992
1974-12-01 00:38:00,7,0.11,-99.92174411742849
1974-12-01 00:38:00,8,0.13,-100.09008969953045
1974-12-01 00:38:00,9,0.155,-99.94760490458073
1974-12-01 00:38:00,10,0.185,-100.92712857659257
1974-12-01 00:38:00,11,0.21,-101.05766472922338
1974-12-01 00:38:00,12,0.25,-100.94404596293839
1974-12-01 00:38:00,13,0.292,-99.94338122414251
1974-12-01 00:38:00,14,0.36,-100.05495526211301
1974-12-01 00:38:00,15,0.425,-100.1122768432271
1974-12-01 00:38:00,16,0.475,-100.11841283318982
1974-12-01 00:38:00,17,0.6,-99.99134944580786
1974-12-01 00:38:00,18,0.737,-99.96729901312106
1974-12-01 00:38:00,19,0.87,-100.07925258304579
1974-12-01 00:38:00,20,1.03,-99.9973414658674
1974-12-01 00:38:00,21,1.27,-99.94294629638615
1974-12-01 00:38:00,22,1.45,-99.93818092853347
1974-12-01 00:38:00,23,1.85,-99.84481198798775
1974-12-01 00:38:00,24,2.2,-99.8723019167802
1974-12-01 00:38:00,25,2.8,-100.10012914327565
1974-12-01 00:38:00,26,3.93,-99.8316413790462
1974-12-01 00:38:00,27,4.7,-100.05309765045557
1974-12-01 00:38:00,28,6.55,-99.89551271875456
1974-12-01 00:38:00,29,9.18,-99.9932013373949
1974-12-01 00:38:00,30,11.8,-100.0412149378457
1974-12-01 00:38:00,31,13.1,-100.1807696859775
1974-12-01 00:39:00,0,0.025,-100.01715645102163
1974-12-01 00:39:00,1,0.035,-100.15593832353056
1974-12-01 00:39:00,2,0.044,-99.90327007641572
1974-12-01 00:39:00,3,0.055,-99.84832073428608
1974-12-01 00:39:00,4,0.067,-100.07969109892967
1974-12-01 00:39:00,5,0.083,-99.96980292574807
1974-12-01 00:39:00,6,0.096,-100.0725391522008
1974-12-01 00:39:00,7,0.11,-100.06284847301367
1974-12-01 00:39:00,8,0.13,-99.92255052961346
1974-12-01 00:39:00,9,0.155,-100.00385382618434
1974-12-01 00:39:00,10,0.185,-100.8260351958069
1974-12-01 00:39:00,11,0.21,-101.0482232478703
1974-12-01 00:39:00,12,0.25,-100.90006636675255
1974-12-01 00:39:00,13,0.292,-99.99025865870422
1974-12-01 00:39:00,14,0.36,-99.92042219902558
1974-12-01 00:39:00,15,0.425,-100.04471576573299
1974-12-01 00:39:00,16,0.475,-100.00495588375516
1974-12-01 00:39:00,17,0.6,-100.01154988792989
1974-12-01 00:39:00,18,0.737,-100.08360571148458
1974-12-01 00:39:00,19,0.87,-99.93379184654182
1974-12-01 00:39:00,20,1.03,-99.93497509944217
1974-12-01 00:39:00,21,1.27,-99.94064453050945
1974-12-01 00:39:00,22,1.45,-99.84630343460823
1974-12-01 00:39:00,23,1.85,-99.85506551987638
1974-12-01 00:39:00,24,2.2,-100.03749446898492
1974-12-01 00:39:00,25,2.8,-99.96269476815658
1974-12-01 00:39:00,26,3.93,-100.06236006892583
1974-12-01 00:39:00,27,4.7,-99.99766446838855
1974-12-01 00:39:00,28,6.55,-100.05997494491189
1974-12-01 00:39:00,29,9.18,-99.8379929690864
1974-12-01 00:39:00,30,11.8,-99.96363018496571
1974-12-01 00:39:00,31,13.1,-100.02180291281044
1974-12-01 00:40:00,0,0.025,-99.88063814281436
1974-12-01 00:40:00,1,0.035,-100.21706154097954
1974-12-01 00:40:00,2,0.044,-100.20141025948652
1974-12-01 00:40:00,3,0.055,-99.92041613447802
1974-12-01 00:40:00,4,0.067,-99.99395315518827
1974-12-01 00:40:00,5,0.083,-99.97495536997393
1974-12-01 00:40:00,6,0.096,-100.13263961033185
1974-12-01 00:40:00,7,0.11,-100.00232337108504
1974-12-01 00:40:00,8,0.13,-99.79964905895987
1974-12-01 00:40:00,9,0.155,-99.91758003802042
1974-12-01 00:40:00,10,0.185,-99.98302934548572
1974-12-01 00:40:00,11,0.21,-100.0439053910105
1974-12-01 00:40:00,12,0.25,-100.03945728518694
1974-12-01 00:40:00,13,0.292,-100.21291978892
1974-12-01 00:40:00,14,0.36,-99.97423595790788
1974-12-01 00:40:00,15,0.425,-99.91545168915181
1974-12-01 00:40:00,16,0.475,-100.15756193271706
1974-12-01 00:40:00,17,0.6,-100.06614168923068
1974-12-01 00:40:00,18,0.737,-100.11574646322335
1974-12-01 00:40:00,19,0.87,-100.09653511948088
1974-12-01 00:40:00,20,1.03,-99.9946518373178
1974-12-01 00:40:00,21,1.27,-100.20844021549885
1974-12-01 00:40:00,22,1.45,-99.9385729561643
1974-12-01 00:40:00,23,1.85,-99.92461449300663
1974-12-01 00:40:00,24,2.2,-100.02511025880369
1974-12-01 00:40:00,25,2.8,-100.24807085099846
1974-12-01 00:40:00,26,3.93,-100.09964186260024
1974-12-01 00:40:00,27,4.7,-99.87670980658973
1974-12-01 00:40:00,28,6.55,-100.27779942807285
1974-12-01 00:40:00,29,9.18,-100.03475234121935
1974-12-01 00:40:00,30,11.8,-100.11800007784673
1974-12-01 00:40:00,31,13.1,-99.91954296984152
1974-12-01 00:41:00,0,0.025,-100.06751139521434
1974-12-01 00:41:00,1,0.035,-99.95960459792644
1974-12-01 00:41:00,2,0.044,-99.9434539580831
1974-12-01 00:41:00,3,0.055,-99.816377416027
1974-12-01 00:41:00,4,0.067,-100.02029419436754
1974-12-01 00:41:00,5,0.083,-99.96239556303775
1974-12-01 00:41:00,6,0.096,-100.14850554791275
1974-12-01 00:41:00,7,0.11,-99.88095864367062
1974-12-01 00:41:00,8,0.13,-100.07605088480713
1974-12-01 00:41:00,9,0.155,-100.05607541640877
1974-12-01 00:41:00,10,0.185,-100.00222477948492
1974-12-01 00:41:00,11,0.21,-100.15628843453399
1974-12-01 00:41:00,12,0.25,-99.9771229971071
1974-12-01 00:41:00,13,0.292,-99.9032533727075
1974-12-01 00:41:00,14,0.36,-99.97070661765027
1974-12-01 00:41:00,15,0.425,-100.15888975641788
1974-12-01 00:41:00,16,0.475,-100.01238092943296
1974-12-01 00:41:00,17,0.6,-99.92579710970205
1974-12-01 00:41:00,18,0.737,-100.18779887659659
1974-12-01 00:41:00,19,0.87,-100.10747660138178
1974-12-01 00:41:00,20,1.03,-99.91234563959185
1974-12-01 00:41:00,21,1.27,-99.97299045658028
1974-12-01 00:41:00,22,1.45,-99.95880284178732
1974-12-01 00:41:00,23,1.85,-99.81405051923767
1974-12-01 00:41:00,24,2.2,-99.95314472214937
1974-12-01 00:41:00,25,2.8,-99.93421119895669
1974-12-01 00:41:00,26,3.93,-99.72892544727817
1974-12-01 00:41:00,27,4.7,-100.02138045580905
1974-12-01 00:41:00,28,6.55,-100.07978827636185
1974-12-01 00:41:00,29,9.18,-99.95722036017528
1974-12-01 00:41:00,30,11.8,-99.9561008970611
1974-12-01 00:41:00,31,13.1,-100.05267153919462
1974-12-01 00:42:00,0,0.025,-100.10323970195549
1974-12-01 00:42:00,1,0.035,-99.769015557791
1974-12-01 00:42:00,2,0.044,-99.9673156529612
1974-12-01 00:42:00,3,0.055,-100.07322853814021
1974-12-01 00:42:00,4,0.067,-99.90840696977205
1974-12-01 00:42:00,5,0.083,-100.01091451515613
1974-12-01 00:42:00,6,0.096,-100.02528814463179
1974-12-01 00:42:00,7,0.11,-99.94377271280855
1974-12-01 00:42:00,8,0.13,-100.12918822682317
1974-12-01 00:42:00,9,0.155,-99.96473727960829
1974-12-01 00:42:00,10,0.185,-99.80870451922682
1974-12-01 00:42:00,11,0.21,-99.95338223378027
1974-12-01 00:42:00,12,0.25,-100.03762121037835
1974-12-01 00:42:00,13,0.292,-100.05071052804283
1974-12-01 00:42:00,14,0.36,-100.04103399733451
1974-12-01 00:42:00,15,0.425,-100.02539626780478
1974-12-01 00:42:00,16,0.475,-100.03778065327583
1974-12-01 00:42:00,17,0.6,-99.90836885589255
1974-12-01 00:42:00,18,0.737,-100.1733209103209
1974-12-01 00:42:00,19,0.87,-99.9137999949588
1974-12-01 00:42:00,20,1.03,-100.03796865251425
1974-12-01 00:42:00,21,1.27,-99.96230522143047
1974-12-01 00:42:00,22,1.45,-100.11269879102008
1974-12-01 00:42:00,23,1.85,-99.86713689331506
1974-12-01 00:42:00,24,2.2,-99.87543650398281
1974-12-01 00:42:00,25,2.8,-99.90404094742499
1974-12-01 00:42:00,26,3.93,-100.15147547757935
1974-12-01 00:42:00,27,4.7,-99.91708789289339
1974-12-01 00:42:00,28,6.55,-99.95951449123643
1974-12-01 00:42:00,29,9.18,-100.16052712471325
1974-12-01 00:42:00,30,11.8,-100.00242973837709
1974-12-01 00:42:00,31,13.1,-99.96354655109667
1974-12-01 00:43:00,0,0.025,-99.94439247261768
1974-12-01 00:43:00,1,0.035,-99.98227386330511
1974-12-01 00:43:00,2,0.044,-99.97087685831526
1974-12-01 00:43:00,3,0.055,-99.85263886077469
1974-12-01 00:43:00,4,0.067,-99.87739660900893
1974-12-01 00:43:00,5,0.083,-100.28670549537827
1974-12-01 00:43:00,6,0.096,-100.03174385548377
1974-12-01 00:43:00,7,0.11,-100.0164651027544
1974-12-01 00:43:00,8,0.13,-100.17520985727269
1974-12-01 00:43:00,9,0.155,-99.99058169417677
1974-12-01 00:43:00,10,0.185,-99.87512422275896
1974-12-01 00:43:00,11,0.21,-100.10865678595906
1974-12-01 00:43:00,12,0.25,-99.96635990613102
1974-12-01 00:43:00,13,0.292,-100.09158234772964
1974-12-01 00:43:00,14,0.36,-100.06719120236797
1974-12-01 00:43:00,15,0.425,-99.852260636583
1974-12-01 00:43:00,16,0.475,-100.05425578201118
1974-12-01 00:43:00,17,0.6,-99.95377875109894
1974-12-01 00:43:00,18,0.737,-100.1871218116061
1974-12-01 00:43:00,19,0.87,-99.81376824386051
1974-12-01 00:43:00,20,1.03,-99.93973475536934
1974-12-01 00:43:00,21,1.27,-100.01824998426503
1974-12-01 00:43:00,22,1.45,-99.94244534900001
1974-12-01 00:43:00,23,1.85,-100.14098194289478
1974-12-01 00:43:00,24,2.2,-99.88174692582473
1974-12-01 00:43:00,25,2.8,-100.03239847754965
1974-12-01 00:43:00,26,3.93,-100.02040695150484
1974-12-01 00:43:00,27,4.7,-100.04916556149655
1974-12-01 00:43:00,28,6.55,-100.05806514027456
1974-12-01 00:43:00,29,9.18,-99.93053293883716
1974-12-01 00:43:00,30,11.8,-99.97440931498957
1974-12-01 00:43:00,31,13.1,-99.9348251858597
1974-12-01 00:44:00,0,0.025,-100.00087946894855
1974-12-01 00:44:00,1,0.035,-99.94868001889228
1974-12-01 00:44:00,2,0.044,-100.04188487439251
1974-12-01 00:44:00,3,0.055,-99.77702681585905
1974-12-01 00:44:00,4,0.067,-100.15679304164306
1974-12-01 00:44:00,5,0.083,-99.8739062676437
1974-12-01 00:44:00,6,0.096,-99.86320925492791
1974-12-01 00:44:00,7,0.11,-100.08521588059656
1974-12-01 00:44:00,8,0.13,-99.7770726389444
1974-12-01 00:44:00,9,0.155,-99.90045097170547
1974-12-01 00:44:00,10,0.185,-99.90288609931771
1974-12-01 00:44:00,11,0.21,-99.99719778129742
1974-12-01 00:44:00,12,0.25,-100.02172261582187
1974-12-01 00:44:00,13,0.292,-100.02094088270395
1974-12-01 00:44:00,14,0.36,-99.96094694036805
1974-12-01 00:44:00,15,0.425,-99.85988137249662
1974-12-01 00:44:00,16,0.475,-99.98186857821386
1974-12-01 00:44:00,17,0.6,-100.09114436231373
1974-12-01 00:44:00,18,0.737,-99.9175572937615
1974-12-01 00:44:00,19,0.87,-99.90788492536052
1974-12-01 00:44:00,20,1.03,-99.93453404715522
1974-12-01 00:44:00,21,1.27,-99.92545010934751
1974-12-01 00:44:00,22,1.45,-100.02709281301578
1974-12-01 00:44:00,23,1.85,-100.09289891671305
1974-12-01 00:44:00,24,2.2,-100.08681934306408
1974-12-01 00:44:00,25,2.8,-100.16354632484578
1974-12-01 00:44:00,26,3.93,-99.9763051388454
1974-12-01 00:44:00,27,4.7,-100.00834487832266
1974-12-01 00:44:00,28,6.55,-100.04399877045297
1974-12-01 00:44:00,29,9.18,-100.29556188243451
1974-12-01 00:44:00,30,11.8,-100.12473174696942
1974-12-01 00:44:00,31,13.1,-99.88791593485968
1974-12-01 00:45:00,0,0.025,-100.06646260000632
1974-12-01 00:45:00,1,0.035,-99.96394083223431
1974-12-01 00:45:00,2,0.044,-100.13906854299752
1974-12-01 00:45:00,3,0.055,-99.85612945176408
1974-12-01 00:45:00,4,0.067,-100.01440276600547
1974-12-01 00:45:00,5,0.083,-99.97099596035164
1974-12-01 00:45:00,6,0.096,-99.76742202081184
1974-12-01 00:45:00,7,0.11,-99.84835598994106
1974-12-01 00:45:00,8,0.13,-100.03065656212871
1974-12-01 00:45:00,9,0.155,-100.05932201848704
1974-12-01 00:45:00,10,0.185,-100.03255450115195
1974-12-01 00:45:00,11,0.21,-99.94901017515235
1974-12-01 00:45:00,12,0.25,-100.0105224134251
1974-12-01 00:45:00,13,0.292,-100.03952441450035
1974-12-01 00:45:00,14,0.36,-99.8532818749291
1974-12-01 00:45:00,15,0.425,-100.01142098917778
1974-12-01 00:45:00,16,0.475,-99.77004109069627
1974-12-01 00:45:00,17,0.6,-99.99092574362479
1974-12-01 00:45:00,18,0.737,-99.82146816057752
1974-12-01 00:45:00,19,0.87,-99.96426805772894
1974-12-01 00:45:00,20,1.03,-99.90370394267505
1974-12-01 00:45:00,21,1.27,-100.07246110515177
1974-12-01 00:45:00,22,1.45,-100.08537592225873
1974-12-01 00:45:00,23,1.85,-99.9540294044985
1974-12-01 00:45:00,24,2.2,-99.90114467575347
1974-12-01 00:45:00,25,2.8,-99.99597434979995
1974-12-01 00:45:00,26,3.93,-100.12863933350837
1974-12-01 00:45:00,27,4.7,-100.13602583662893
1974-12-01 00:45:00,28,6.55,-100.14271364021863
1974-12-01 00:45:00,29,9.18,-100.17676221129393
1974-12-01 00:45:00,30,11.8,-99.9890514640553
1974-12-01 00:45:00,31,13.1,-99.8874956078292
1974-12-01 00:46:00,0,0.025,-100.00134157869248
1974-12-01 00:46:00,1,0.035,-100.22604147573378
1974-12-01 00:46:00,2,0.044,-100.01907604603346
1974-12-01 00:46:00,3,0.055,-100.01627989966326
1974-12-01 00:46:00,4,0.067,-99.79040012497745
1974-12-01 00:46:00,5,0.083,-100.14571379129195
1974-12-01 00:46:00,6,0.096,-100.03906776025993
1974-12-01 00:46:00,7,0.11,-99.82941473194555
1974-12-01 00:46:00,8,0.13,-99.95500216586535
1974-12-01 00:46:00,9,0.155,-99.94366869264836
1974-12-01 00:46:00,10,0.185,-99.98854155629762
1974-12-01 00:46:00,11,0.21,-99.96700564613427
1974-12-01 00:46:00,12,0.25,-99.92223904697215
1974-12-01 00:46:00,13,0.292,-100.08094863188927
1974-12-01 00:46:00,14,0.36,-99.91219414210919
1974-12-01 00:46:00,15,0.425,-100.13730030168855
1974-12-01 00:46:00,16,0.475,-99.96716320271685
1974-12-01 00:46:00,17,0.6,-99.98212590367137
1974-12-01 00:46:00,18,0.737,-100.0616293088192
1974-12-01 00:46:00,19,0.87,-100.00226852753256
1974-12-01 00:46:00,20,1.03,-100.06225401526656
1974-12-01 00:46:00,21,1.27,-100.10717013268618
1974-12-01 00:46:00,22,1.45,-100.03536147416136
1974-12-01 00:46:00,23,1.85,-100.11039886353717
1974-12-01 00:46:00,24,2.2,-99.96772025359067
1974-12-01 00:46:00,25,2.8,-100.11500854941524
1974-12-01 00:46:00,26,3.93,-99.9288022977009
1974-12-01 00:46:00,27,4.7,-100.11814790679288
1974-12-01 00:46:00,28,6.55,-100.0566294915581
1974-12-01 00:46:00,29,9.18,-100.06246034082152
1974-12-01 00:46:00,30,11.8,-99.86748532711252
1974-12-01 00:46:00,31,13.1,-99.96697100543834
1974-12-01 00:47:00,0,0.025,-100.02117338025444
1974-12-01 00:47:00,1,0.035,-99.95012805589303
1974-12-01 00:47:00,2,0.044,-100.21071923473296
1974-12-01 00:47:00,3,0.055,-100.0043133589641
1974-12-01 00:47:00,4,0.067,-99.80024858221952
1974-12-01 00:47:00,5,0.083,-99.98676534935973
1974-12-01 00:47:00,6,0.096,-99.99320868308307
1974-12-01 00:47:00,7,0.11,-99.94518716203578
1974-12-01 00:47:00,8,0.13,-99.91043947566857
1974-12-01 00:47:00,9,0.155,-100.19974666928898
1974-12-01 00:47:00,10,0.185,-100.1682326481791
1974-12-01 00:47:00,11,0.21,-99.97897087089139
1974-12-01 00:47:00,12,0.25,-100.07148765618975
1974-12-01 00:47:00,13,0.292,-99.868797473778
1974-12-01 00:47:00,14,0.36,-100.03151743898852
1974-12-01 00:47:00,15,0.425,-100.1934530735713
1974-12-01 00:47:00,16,0.475,-100.1268013916844
1974-12-01 00:47:00,17,0.6,-100.27496760196306
1974-12-01 00:47:00,18,0.737,-100.02341255372829
1974-12-01 00:47:00,19,0.87,-100.01883841272644
1974-12-01 00:47:00,20,1.03,-100.04244627097819
1974-12-01 00:47:00,21,1.27,-99.89211209609702
1974-12-01 00:47:00,22,1.45,-99.88014801634833
1974-12-01 00:47:00,23,1.85,-100.01703884233561
1974-12-01 00:47:00,24,2.2,-100.21346936674769
1974-12-01 00:47:00,25,2.8,-99.93827184195078
1974-12-01 00:47:00,26,3.93,-99.94446397714914
1974-12-01 00:47:00,27,4.7,-99.9690608429843
1974-12-01 00:47:00,28,6.55,-99.90185202506919
1974-12-01 00:47:00,29,9.18,-100.1164828096461
1974-12-01 00:47:00,30,11.8,-99.79912446138148
1974-12-01 00:47:00,31,13.1,-100.09594277531419
1974-12-01 00:48:00,0,0.025,-99.92507770727991
1974-12-01 00:48:00,1,0.035,-100.16873476944133
1974-12-01 00:48:00,2,0.044,-100.093026468727
1974-12-01 00:48:00,3,0.055,-99.84836313532746
1974-12-01 00:48:00,4,0.067,-100.02608998230008
1974-12-01 00:48:00,5,0.083,-99.91600773948672
1974-12-01 00:48:00,6,0.096,-99.97630446112808
1974-12-01 00:48:00,7,0.11,-100.01049581560002
1974-12-01 00:48:00,8,0.13,-99.86361496750673
1974-12-01 00:48:00,9,0.155,-100.0236658824652
1974-12-01 00:48:00,10,0.185,-100.17807381075635
1974-12-01 00:48:00,11,0.21,-100.08032400919517
1974-12-01 00:48:00,12,0.25,-99.94488082712984
1974-12-01 00:48:00,13,0.292,-99.96044908936375
1974-12-01 00:48:00,14,0.36,-100.15670582502355
1974-12-01 00:48:00,15,0.425,-100.07243425194082
1974-12-01 00:48:00,16,0.475,-100.05817213492023
1974-12-01 00:48:00,17,0.6,-100.03654695941142
1974-12-01 00:48:00,18,0.737,-100.13759135886015
1974-12-01 00:48:00,19,0.87,-100.06283711081194
1974-12-01 00:48:00,20,1.03,-100.07286104852595
1974-12-01 00:48:00,21,1.27,-99.9228466740238
1974-12-01 00:48:00,22,1.45,-99.91908786890097
1974-12-01 00:48:00,23,1.85,-100.01458104580888
1974-12-01 00:48:00,24,2.2,-100.03920397958707
1974-12-01 00:48:00,25,2.8,-99.98600756879608
1974-12-01 00:48:00,26,3.93,-100.08165751074556
1974-12-01 00:48:00,27,4.7,-100.11468320821675
1974-12-01 00:48:00,28,6.55,-100.09402212089257
1974-12-01 00:48:00,29,9.18,-100.06348131639714
1974-12-01 00:48:00,30,11.8,-100.11634737997923
1974-12-01 00:48:00,31,13.1,-99.98379404409371
1974-12-01 00:49:00,0,0.025,-99.92702843262163
1974-12-01 00:49:00,1,0.035,-100.15870983007983
1974-12-01 00:49:00,2,0.044,-99.99748712887839
1974-12-01 00:49:00,3,0.055,-100.02199357952664
1974-12-01 00:49:00,4,0.067,-99.96584913144632
1974-12-01 00:49:00,5,0.083,-100.00129387681037
1974-12-01 00:49:00,6,0.096,-100.14535992799317
1974-12-01 00:49:00,7,0.11,-100.12623892988572
1974-12-01 00:49:00,8,0.13,-99.9970576424415
1974-12-01 00:49:00,9,0.155,-99.89712190802545
1974-12-01 00:49:00,10,0.185,-100.2214187371043
1974-12-01 00:49:00,11,0.21,-99.96542734201984
1974-12-01 00:49:00,12,0.25,-99.88103779947123
1974-12-01 00:49:00,13,0.292,-100.01530258762062
1974-12-01 00:49:00,14,0.36,-99.94497975039735
1974-12-01 00:49:00,15,0.425,-100.07030690808978
1974-12-01 00:49:00,16,0.475,-100.01193661992768
1974-12-01 00:49:00,17,0.6,-100.16209135183081
1974-12-01 00:49:00,18,0.737,-100.23443433084189
1974-12-01 00:49:00,19,0.87,-99.90572341987748
1974-12-01 00:49:00,20,1.03,-100.09849949277245
1974-12-01 00:49:00,21,1.27,-100.04555278450034
1974-12-01 00:49:00,22,1.45,-100.13864422532701
1974-12-01 00:49:00,23,1.85,-100.1409969703084
1974-12-01 00:49:00,24,2.2,-100.01738377000946
1974-12-01 00:49:00,25,2.8,-100.07295771941357
1974-12-01 00:49:00,26,3.93,-99.96220290020052
1974-12-01 00:49:00,27,4.7,-99.95474615810204
1974-12-01 00:49:00,28,6.55,-99.96791503536754
1974-12-01 00:49:00,29,9.18,-99.97613992090716
1974-12-01 00:49:00,30,11.8,-99.84222317950682
1974-12-01 00:49:00,31,13.1,-100.10675937690449
1974-12-01 00:50:00,0,0.025,-100.0054934866203
1974-12-01 00:50:00,1,0.035,-99.88673101794804
1974-12-01 00:50:00,2,0.044,-99.8735460190662
1974-12-01 00:50:00,3,0.055,-100.14217636493446
1974-12-01 00:50:00,4,0.067,-100.03123554416558
1974-12-01 00:50:00,5,0.083,-99.86418789041328
1974-12-01 00:50:00,6,0.096,-99.94919208948009
1974-12-01 00:50:00,7,0.11,-99.98047369685202
1974-12-01 00:50:00,8,0.13,-100.02176846934347
1974-12-01 00:50:00,9,0.155,-100.03838009257078
1974-12-01 00:50:00,10,0.185,-99.97117809369097
1974-12-01 00:50:00,11,0.21,-100.02523741249844
1974-12-01 00:50:00,12,0.25,-100.00425786210444
1974-12-01 00:50:00,13,0.292,-99.9921401293885
1974-12-01 00:50:00,14,0.36,-100.06780715284935
1974-12-01 00:50:00,15,0.425,-99.94678706261186
1974-12-01 00:50:00,16,0.475,-99.70857553515846
1974-12-01 00:50:00,17,0.6,-100.1776986639326
1974-12-01 00:50:00,18,0.737,-99.96759874758101
1974-12-01 00:50:00,19,0.87,-100.07601900886189
1974-12-01 00:50:00,20,1.03,-99.94225974224807
1974-12-01 00:50:00,21,1.27,-99.99534425266721
1974-12-01 00:50:00,22,1.45,-99.92381452259575
1974-12-01 00:50:00,23,1.85,-99.88244934234912
1974-12-01 00:50:00,24,2.2,-99.98075788822318
1974-12-01 00:50:00,25,2.8,-99.88679477115858
1974-12-01 00:50:00,26,3.93,-100.23442978937886
1974-12-01 00:50:00,27,4.7,-99.8409547702084
1974-12-01 00:50:00,28,6.55,-99.96249378481076
1974-12-01 00:50:00,29,9.18,-99.89221566442548
1974-12-01 00:50:00,30,11.8,-100.12198757448415
1974-12-01 00:50:00,31,13.1,-100.08307698816053
