target,kind,data_col,n_blocked,n_visible,mean_blocked,mean_visible,diff_visible_minus_blocked,z_score,p_value
Fornax-A,fixed,rv1_coarse,1243734,3848416,10743830.690681819,11515979.23518208,772148.5445002615,9.418988481071914,0.0
Cygnus-A,fixed,rv1_coarse,24954,5067196,3846729.0905846404,11364224.906015178,7517495.815430538,36.18754450737237,0.0
Sag-A,fixed,rv1_coarse,754163,4337987,11585956.795340676,11282432.688235907,-303524.107104769,-2.9593232049467697,0.0030831555359955853
Random-00,random,rv1_coarse,780236,4311914,11532043.838497378,11290352.847532,-241690.99096537754,-2.4434590498994027,0.014547220408991146
Random-01,random,rv1_coarse,1058187,4033963,11316991.507008702,11330112.093928456,13120.586919754744,0.14388635961850935,0.8855902070466695
Random-02,random,rv1_coarse,896045,4196105,11620146.242747182,11264868.806787373,-355277.4359598085,-3.699917120154847,0.00021566988919796692
Random-03,random,rv1_coarse,519816,4572334,11470331.031792935,11311134.45976704,-159196.57202589512,-1.3082927343614459,0.1907740385549188
Random-04,random,rv1_coarse,955356,4136794,11415263.52249624,11307090.89376677,-108172.62872947007,-1.1409598977651814,0.25388661154944914
Random-05,random,rv1_coarse,102512,4989638,12115634.12594804,11311190.988017116,-804443.1379309241,-3.18172003143168,0.001464032675309035
Random-06,random,rv1_coarse,1315250,3776900,11701970.689135069,11196941.755328981,-505028.9338060878,-6.019176005077865,1.7530716878155772e-09
Random-07,random,rv1_coarse,817018,4275132,11244774.818436923,11343173.224119687,98398.40568276495,1.0104244810963465,0.3122919638121524
Random-08,random,rv1_coarse,1028788,4063362,11871191.31526719,11189701.309835508,-681490.0054316819,-7.495808521972776,6.59472476627343e-14
Random-09,random,rv1_coarse,1102008,3990142,10960910.15130069,11428599.68155829,467689.5302576013,5.428931112997579,5.6692559313731294e-08
Random-10,random,rv1_coarse,806393,4285757,11607082.341672754,11274758.768133245,-332323.5735395085,-3.3989644532829617,0.0006764150698910232
Random-11,random,rv1_coarse,19619,5072531,2389780.8758178507,11361953.461414877,8972172.585597027,45.015584888598156,0.0
Random-12,random,rv1_coarse,1091661,4000489,11254027.658123389,11347403.574236128,93375.9161127396,1.053437893173747,0.2921403447951689
Random-13,random,rv1_coarse,757484,4334666,10503325.393850606,11471390.259815034,968064.8659644276,10.014891040546683,0.0
Random-14,random,rv1_coarse,20352,5071798,4536747.20166853,11354634.86233848,6817887.66066995,22.69585367943985,0.0
Random-15,random,rv1_coarse,22264,5069886,3056226.2753007608,11363707.673662413,8307481.398361652,37.09422422044542,0.0
Random-16,random,rv1_coarse,824608,4267542,11826267.800132586,11230987.586403418,-595280.2137291674,-5.996000371417585,2.0223656083118158e-09
Random-17,random,rv1_coarse,274409,4817741,12943353.851439271,11235343.177968124,-1708010.6734711472,-10.28276749852899,0.0
Random-18,random,rv1_coarse,844515,4247635,11756293.367615249,11242110.061536677,-514183.3060785718,-5.260875892816959,1.4337078435566752e-07
Random-19,random,rv1_coarse,860060,4232090,11367468.582244702,11319239.722156562,-48228.86008813977,-0.5060054567135731,0.6128528190102505
Random-20,random,rv1_coarse,1309018,3783132,10931750.659539873,11464280.886772487,532530.2272326145,6.592246425136879,4.3322012643898233e-11
Random-21,random,rv1_coarse,1167178,3924972,10953461.612611953,11438580.159680566,485118.54706861265,5.758277931092633,8.497636150295307e-09
Random-22,random,rv1_coarse,810206,4281944,11609945.887746075,11273921.015001535,-336024.87274453975,-3.355190837215351,0.000793102515044497
Random-23,random,rv1_coarse,2806,5089344,7083104.643369973,11329725.61354816,4246620.970178187,4.596108112486262,4.30455411559727e-06
Random-24,random,rv1_coarse,750636,4341514,11353625.418648181,11322848.733145753,-30776.68550242856,-0.30607637008057964,0.759546499028684
Random-25,random,rv1_coarse,224303,4867847,11246095.328231465,11331131.266898617,85035.93866715208,0.5198186760794108,0.6031899611089351
Random-26,random,rv1_coarse,680283,4411867,11284739.92556752,11333961.230880735,49221.30531321466,0.47957884347790175,0.6315268929816942
Random-27,random,rv1_coarse,1117687,3974463,10867645.135079768,11456672.4049249,589027.2698451318,6.866307572559213,6.588507517335529e-12
Random-28,random,rv1_coarse,653288,4438862,10262922.093747685,11484047.581521276,1221125.4877735917,12.066774237428788,0.0
Random-29,random,rv1_coarse,141105,4951045,13842658.820053289,11255700.138411855,-2586958.6816414334,-10.372252999904493,0.0
Random-30,random,rv1_coarse,941723,4150427,11415059.383166974,11307492.529586181,-107566.85358079337,-1.150885294270123,0.249779428473476
Random-31,random,rv1_coarse,738776,4353374,12071691.786807487,11201075.325275626,-870616.4615318608,-8.242279921676099,2.220446049250313e-16
Random-32,random,rv1_coarse,1167,5090983,8938683.30585904,11327933.096843773,2389249.790984733,1.3597954576623603,0.17389466023439026
Random-33,random,rv1_coarse,958538,4133612,11671206.683865832,11247657.29155217,-423549.3923136629,-4.595972039091705,4.307364626310317e-06
Random-34,random,rv1_coarse,608462,4483688,10919151.007171767,11382785.28846369,463634.28129192255,4.265660418684216,1.9931174148446473e-05
Random-35,random,rv1_coarse,443,5091707,26784908.566591423,11326040.66771555,-15458867.898875874,-2.346552646235698,0.01894798917365903
Random-36,random,rv1_coarse,1717,5090433,12184219.314247234,11327096.527942589,-857122.7863046452,-0.4769011114737109,0.6334325404858876
Random-37,random,rv1_coarse,598,5091552,20992470.03375836,11326250.37856959,-9666219.655188771,-1.907146695118534,0.05650159391896392
Random-38,random,rv1_coarse,398728,4693422,11628105.159187675,11301838.008743804,-326267.1504438706,-2.344182539116207,0.019068836207125628
Random-39,random,rv1_coarse,850344,4241806,11573574.773004385,11278032.611065025,-295542.1619393602,-3.0293655343013612,0.002450679701196279
Random-40,random,rv1_coarse,1161340,3930810,11444963.424645174,11292647.683558736,-152315.7410864383,-1.7307502273983641,0.08349632262324747
Random-41,random,rv1_coarse,512462,4579688,11612823.522060031,11295445.344055098,-317378.1780049335,-2.6199801724459957,0.008793487948175027
Random-42,random,rv1_coarse,186269,4905881,13369599.79760888,11249845.70149299,-2119754.096115891,-10.148997991381927,0.0
Random-43,random,rv1_coarse,592,5091558,20177605.549408782,11326356.51446997,-8851249.034938812,-1.750752410358977,0.07998856728151504
Random-44,random,rv1_coarse,810798,4281352,11290228.711364785,11334422.25863928,44193.547274494544,0.45456146329936414,0.6494247642997388
Random-45,random,rv1_coarse,129730,4962420,13783285.011542758,11263182.217555042,-2520102.7939877156,-10.417829888521426,0.0
Random-46,random,rv1_coarse,821330,4270820,11577231.840825599,11279337.091416085,-297894.74940951355,-3.043378767953597,0.002339376791361314
Random-47,random,rv1_coarse,401504,4690646,12234037.65519037,11249779.073048227,-984258.5821421426,-7.331315557586684,2.278177646530821e-13
Random-48,random,rv1_coarse,59819,5032331,13574531.441232983,11300673.856370699,-2273857.5848622844,-6.502866573574325,7.880363028789361e-11
Random-49,random,rv1_coarse,1017383,4074767,11748933.109294716,11222134.038842797,-526799.070451919,-5.787987987228355,7.123450496138162e-09
Random-50,random,rv1_coarse,763448,4328702,11907269.532982843,11225112.08999147,-682157.4429913722,-6.669145960422802,2.5729640640292928e-11
Random-51,random,rv1_coarse,136004,4956146,10586163.349471373,11347725.774100568,761562.4246291947,3.510857776926526,0.0004466632995598907
Random-52,random,rv1_coarse,258960,4833190,13028906.52958922,11236218.859528493,-1792687.6700607277,-10.04698795318263,0.0
Random-53,random,rv1_coarse,498859,4593291,11222858.226748254,11338737.83142621,115879.60467795655,0.930304719448479,0.3522133349714154
Random-54,random,rv1_coarse,902358,4189792,10916725.148772217,11415829.71011237,499104.5613401532,5.384941074344202,7.246838551466794e-08
Random-55,random,rv1_coarse,298599,4793551,11377780.202123024,11324246.362250699,-53533.83987232484,-0.3622300840278646,0.7171801000702775
Random-56,random,rv1_coarse,347007,4745143,10668199.791282453,11375591.053760316,707391.2624778636,5.189953569916106,2.1034652419871236e-07
Random-57,random,rv1_coarse,1104580,3987570,10978018.981877478,11424162.098116074,446143.1162385959,5.177325061090594,2.250898381017663e-07
Random-58,random,rv1_coarse,2374,5089776,7388216.296196775,11329222.865426645,3941006.56922987,3.7286762997398153,0.00019248822043138603
Random-59,random,rv1_coarse,1202919,3889231,11371504.61660342,11313739.734843975,-57764.88175944425,-0.6676113784121743,0.5043816926452593
Random-60,random,rv1_coarse,853485,4238665,11106006.953973373,11371961.671770465,265954.71779709123,2.785428974927974,0.0053456949723933445
Random-61,random,rv1_coarse,672412,4419738,12079166.222600864,11213010.80437697,-866155.4182238951,-8.109117868055051,4.440892098500626e-16
Random-62,random,rv1_coarse,667036,4425114,11474535.487822438,11305204.342968749,-169331.14485368878,-1.5891262316403696,0.11203189663042923
Random-63,random,rv1_coarse,784256,4307894,11439591.24646307,11306958.386627154,-132632.85983591527,-1.3371394004708432,0.18117713822384918
Random-64,random,rv1_coarse,589724,4502426,11570306.435607458,11295567.960951444,-274738.4746560138,-2.445910242388189,0.014448696593666543
Random-65,random,rv1_coarse,867472,4224678,11273498.363528011,11338450.43153125,64952.06800323911,0.6853921917701167,0.493096469936535
Random-66,random,rv1_coarse,823,5091327,18448323.4593712,11326234.456042575,-7122089.003328627,-1.9578821325410043,0.050243844943493876
Random-67,random,rv1_coarse,808539,4283611,11569515.4725065,11281683.09259688,-287832.37990962155,-2.9244625479860393,0.0034505159843087885
Random-68,random,rv1_coarse,175042,4917108,12277076.759275861,11293577.89059947,-983498.8686763905,-4.92982493356247,8.230333730097072e-07
Random-69,random,rv1_coarse,1113605,3978545,11055841.93425595,11403391.29188933,347549.3576333802,4.040630732015041,5.3307638846478156e-05
Random-70,random,rv1_coarse,30481,5061669,14809776.521775972,11306414.834005676,-3503361.687770296,-7.217701294749658,5.286882043264995e-13
Random-71,random,rv1_coarse,548173,4543977,11057317.419664994,11359965.819082474,302648.39941748045,2.7069718770343356,0.006790000907246574
Random-72,random,rv1_coarse,886239,4205911,11378946.675551426,11316520.949157724,-62425.72639370151,-0.6526879804172088,0.5139574528697253
Random-73,random,rv1_coarse,216306,4875844,13071731.272455322,11250001.509475533,-1821729.7629797887,-9.299317554610418,0.0
Random-74,random,rv1_coarse,1033234,4058916,11056404.522949783,11396366.220370522,339961.69742073864,3.8545906744900464,0.00011592341453070532
Random-75,random,rv1_coarse,765714,4326436,11458896.460396053,11304110.085139645,-154786.375256408,-1.5309856150302108,0.12577294789237548
Random-76,random,rv1_coarse,804310,4287840,11599509.476973023,11276340.721007029,-323168.7559659947,-3.3024242707925224,0.0009585296650331809
Random-77,random,rv1_coarse,1299536,3792614,10949298.170326069,11456936.85608767,507638.68576160073,6.2660914641313,3.70222963397282e-10
Random-78,random,rv1_coarse,1313357,3778793,11670400.593082028,11208167.251516161,-462233.341565866,-5.512586378649728,3.5359855266037243e-08
Random-79,random,rv1_coarse,829754,4262396,11942085.418716572,11207722.867623089,-734362.5510934833,-7.382417401565108,1.5543122344752192e-13
Random-80,random,rv1_coarse,494418,4597732,11743534.16303843,11282634.914511286,-460899.248527145,-3.7135898065468544,0.0002043399049069805
Random-81,random,rv1_coarse,1246750,3845400,10738698.003751675,11518248.954181502,779550.950429827,9.476263890877709,0.0
Random-82,random,rv1_coarse,996447,4095703,10786771.337859863,11458912.017128805,672140.6792689413,7.585228811466745,3.3084646133829665e-14
Random-83,random,rv1_coarse,1152425,3939725,11741180.392923417,11206344.719560927,-534835.6733624898,-6.1719389059761,6.745757286097387e-10
Random-84,random,rv1_coarse,44395,5047755,6439034.425972518,11370378.580427514,4931344.154454997,17.449717077910982,0.0
Random-85,random,rv1_coarse,190236,4901914,11308803.456751142,11328106.680408595,19303.223657453433,0.10406443798939533,0.9171182119626442
Random-86,random,rv1_coarse,1933,5090217,10851687.100103466,11327566.183017824,475879.082914358,0.26582114818503666,0.7903769551098958
Random-87,random,rv1_coarse,377006,4715144,11988739.63936601,11274506.035893733,-714233.6034722775,-4.944083049801187,7.650308719853172e-07
Random-88,random,rv1_coarse,822226,4269924,11594554.96323963,11275938.802513175,-318616.160726456,-3.2283843644637895,0.0012449157888789752
Random-89,random,rv1_coarse,1199205,3892945,10899850.273849595,11459085.940575868,559235.6667262726,6.681507630827211,2.364974882596016e-11
Random-90,random,rv1_coarse,637202,4454948,10744152.705865603,11410806.74165085,666654.0357852466,6.374900172822104,1.8308221605423114e-10
Random-91,random,rv1_coarse,1116461,3975689,11013050.950556047,11415657.609857857,402606.65930180997,4.682198615266141,2.838142871164351e-06
Random-92,random,rv1_coarse,25838,5066312,16487182.238880988,11301070.769012792,-5186111.469868196,-8.831647147411877,0.0
Random-93,random,rv1_coarse,212983,4879167,11413960.233841972,11323606.421363024,-90353.81247894838,-0.5201228646216542,0.6029779430282174
Random-94,random,rv1_coarse,25615,5066535,4321290.59181084,11362806.416234706,7041515.824423865,27.710261919890694,0.0
Random-95,random,rv1_coarse,1039555,4052595,11477858.61328041,11288786.802988755,-189071.81029165536,-2.0595085295491624,0.03944554876618844
Random-96,random,rv1_coarse,636413,4455737,11060896.359724196,11365448.191759473,304551.83203527704,2.796337282803501,0.005168543001731418
Random-97,random,rv1_coarse,788129,4304021,10843856.91554816,11415926.67823714,572069.7626889795,5.911716432679401,3.385610236605885e-09
Random-98,random,rv1_coarse,21209,5070941,2630986.6641548886,11363757.864354342,8732771.200199453,40.52168831492652,0.0
Random-99,random,rv1_coarse,2114,5090036,6379990.375236519,11329440.295694115,4949449.920457596,5.494390823882218,3.920613789176741e-08
Random-100,random,rv1_coarse,512943,4579207,11181916.30754801,11343680.372615684,161764.0650676731,1.2870900148932218,0.19806291533663845
Random-101,random,rv1_coarse,858415,4233735,11313794.819977375,11330141.136418803,16346.316441427916,0.16663795895733804,0.8676549243382472
Random-102,random,rv1_coarse,604059,4488091,11187680.404568186,11346188.663974034,158508.25940584764,1.4576342109569884,0.14494139461086952
Random-103,random,rv1_coarse,1176414,3915736,10853364.62005266,11469796.783657609,616432.1636049487,7.326604695342931,2.360334150353083e-13
Random-104,random,rv1_coarse,18568,5073582,3772012.7552640284,11355036.250867175,7583023.495603146,28.36996928756553,0.0
Random-105,random,rv1_coarse,365098,4727052,11902809.94413724,11282942.129598387,-619867.8145388532,-4.454432800179329,8.41152690145286e-06
Random-106,random,rv1_coarse,1056,5091094,16661510.882043088,11326279.127648301,-5335231.754394786,-1.8372586496335948,0.06617172114655445
Random-107,random,rv1_coarse,294146,4798004,12598506.338657368,11249458.320396611,-1349048.0182607565,-8.728438912516648,0.0
Random-108,random,rv1_coarse,563839,4528311,10876954.138671486,11383470.64059702,506516.50192553364,4.520537695018407,6.168276010631857e-06
Random-109,random,rv1_coarse,705515,4386635,12007644.391152281,11217977.56867465,-789666.8224776313,-7.453402611610421,9.103828801926284e-14
Random-110,random,rv1_coarse,166114,4926036,9320521.621916337,11395060.274809996,2074538.6528936587,9.967948684845984,0.0
Random-111,random,rv1_coarse,2653,5089497,7784764.137361908,11329232.198256629,3544468.0608947203,3.514291460159135,0.0004409287294733222
Random-112,random,rv1_coarse,391584,4700566,10715764.127803238,11378337.094802037,662572.9669987988,5.144441705855151,2.6831755151057735e-07
Random-113,random,rv1_coarse,1091881,4000269,11031646.17801934,11408108.155747777,376461.97772843763,4.340082185714347,1.4242943650044637e-05
Random-114,random,rv1_coarse,755,5091395,9245768.275331127,11327694.219273709,2081925.9439425822,0.6586916554767884,0.5100937925088149
Random-115,random,rv1_coarse,545,5091605,21784657.46788991,11326266.20216355,-10458391.26572636,-1.9063099917692032,0.056609998659800764
Random-116,random,rv1_coarse,187621,4904529,9781905.702708293,11386507.314920375,1604601.6122120824,9.171957994377271,0.0
Random-117,random,rv1_coarse,961162,4130988,10919380.976094542,11422316.45476626,502935.4786717184,5.553274896494698,2.803666410144956e-08
Random-118,random,rv1_coarse,942405,4149745,11176896.62539498,11361561.49361746,184664.86822248064,2.003761957129254,0.0450955658159089
Random-119,random,rv1_coarse,670956,4421194,11070846.621629808,11366317.62793596,295471.0063061528,2.8436224812264905,0.004460386226116109
Random-120,random,rv1_coarse,388314,4703836,12444877.934989706,11235133.608854419,-1209744.326135287,-8.844150576498745,0.0
Random-121,random,rv1_coarse,432549,4659601,12130048.340464333,11252874.652779803,-877173.6876845304,-6.597773246127557,4.173794643236306e-11
Random-122,random,rv1_coarse,1040462,4051688,11435755.55328033,11299556.424411204,-136199.12886912562,-1.4870278510567272,0.13700745525556957
Random-123,random,rv1_coarse,876914,4215236,11723380.136864353,11245005.047225986,-478375.0896383673,-4.928981937223909,8.265921540573373e-07
Random-124,random,rv1_coarse,562,5091588,11064553.6529137,11327414.548355836,262860.89544213563,0.062101975097563676,0.950481624136007
Random-125,random,rv1_coarse,1117454,3974696,11309661.684120905,11332368.457114529,22706.77299362421,0.2549855644447748,0.7987342487045899
Random-126,random,rv1_coarse,263548,4828602,10930542.52138578,11349045.467851928,418502.9464661479,2.681248101195783,0.007334811304674949
Random-127,random,rv1_coarse,1116514,3975636,10668273.035452936,11512490.093328774,844217.0578758381,10.01763416222677,0.0
Random-128,random,rv1_coarse,508,5091642,22972283.725516733,11326223.71024011,-11646060.015276622,-2.0424489757167668,0.041107015847804185
Random-129,random,rv1_coarse,2729,5089421,7774814.467953881,11329290.462687973,3554475.9947340917,3.5784516580218364,0.00034563578134183537
Random-130,random,rv1_coarse,896032,4196118,11597243.675770478,11269760.483213048,-327483.1925574299,-3.409667543500695,0.0006504211342273081
Random-131,random,rv1_coarse,741,5091409,17314118.635374494,11326514.232637394,-5987604.4027371,-1.4598293090371208,0.1443369913002388
Random-132,random,rv1_coarse,760994,4331156,11717004.117952233,11258928.663121343,-458075.4548308905,-4.496831603340896,6.897357240465141e-06
Random-133,random,rv1_coarse,729842,4362308,10857607.818609485,11405982.351323506,548374.5327140205,5.40497880147742,6.48160580762891e-08
Random-134,random,rv1_coarse,1245040,3847110,11741919.685642933,11193229.873638669,-548689.8120042644,-6.4822404311743895,9.037037784764834e-11
Random-135,random,rv1_coarse,948028,4144122,11553754.223727977,11275600.417983484,-278153.8057444934,-2.9169720345701746,0.0035344746099541524
Random-136,random,rv1_coarse,763620,4328530,11446613.551189456,11306351.86186249,-140261.68932696618,-1.3858099605309175,0.16580494010624514
Random-137,random,rv1_coarse,524245,4567905,11492301.2186759,11308458.650563484,-183842.5681124162,-1.5135198773200789,0.13014765598101752
Random-138,random,rv1_coarse,489,5091661,11713626.215874232,11327348.44314407,-386277.77273016237,-0.08812599907809474,0.9297765324900227
Random-139,random,rv1_coarse,788780,4303370,11187957.684024453,11352941.764845256,164984.0808208026,1.6625783542775472,0.09639686696182292
Random-140,random,rv1_coarse,931,5091219,9649447.866877014,11327692.371634942,1678244.5047579277,0.6010051294379551,0.547836569847783
Random-141,random,rv1_coarse,542505,4549645,11832832.970789315,11267115.393348027,-565717.5774412882,-4.730526999815446,2.2393773946305373e-06
Random-142,random,rv1_coarse,21224,5070926,2777600.9677213174,11363170.05250087,8585569.084779553,42.57237320634879,0.0
Random-143,random,rv1_coarse,168866,4923284,13319343.851526327,11259062.435917793,-2060281.4156085346,-9.296821524203642,0.0
Random-144,random,rv1_coarse,248745,4843405,12437303.316133078,11270382.974625373,-1166920.341507705,-6.812759901446913,9.574341319762425e-12
Random-145,random,rv1_coarse,1291269,3800881,10997063.363299172,11439605.5158062,442542.1525070276,5.439751245756285,5.3355016182976556e-08
Random-146,random,rv1_coarse,736599,4355551,11668188.57191179,11269749.850410495,-398438.7215012945,-3.8785474777177718,0.0001050820200316771
Random-147,random,rv1_coarse,22917,5069233,2621726.400327068,11366742.10095899,8745015.700631922,41.68891172290249,0.0
Random-148,random,rv1_coarse,1276236,3815914,10832920.325103885,11492759.889388923,659839.564285038,8.123373418348976,4.440892098500626e-16
Random-149,random,rv1_coarse,10203,5081947,3022557.4310786445,11344059.100009827,8321501.6689311825,25.574087635208922,0.0
Random-150,random,rv1_coarse,669005,4423145,11420325.124241251,11313328.334215567,-106996.79002568498,-1.0185879983708124,0.3083986043965976
Random-151,random,rv1_coarse,34151,5057999,15165660.347567558,11301469.968273453,-3864190.379294105,-7.984967482717107,1.3322676295501878e-15
Random-152,random,rv1_coarse,1186001,3906149,11478639.79270125,11281461.099359872,-197178.69334137812,-2.2649176996760674,0.023517730405351767
Random-153,random,rv1_coarse,474887,4617263,11237544.940165486,11336625.672088979,99080.73192349263,0.7701391383376917,0.44121736170432957
Random-154,random,rv1_coarse,1869,5090281,10771438.253511235,11327589.664792793,556151.4112815578,0.3582970999028487,0.7201209881854682
Random-155,random,rv1_coarse,1121835,3970315,11305144.73709101,11333669.801628442,28525.064537432045,0.320960027290108,0.7482406831429027
Random-156,random,rv1_coarse,1146647,3945503,10970896.704158077,11430988.76656644,460092.06240836345,5.409663902722008,6.314313849564712e-08
Random-157,random,rv1_coarse,1204973,3887177,10884825.400524482,11464573.27444589,579747.8739214074,6.943595284467501,3.822497873784414e-12
Random-158,random,rv1_coarse,785493,4306657,11739996.644914668,11252129.222267522,-487867.4226471465,-4.8728437602251935,1.1000321726850615e-06
Random-159,random,rv1_coarse,526,5091624,22551217.06071768,11326226.037981791,-11224991.022735888,-1.9756859350199236,0.048190358880966455
Random-160,random,rv1_coarse,619,5091531,19503901.130149435,11326391.482205916,-8177509.647943519,-1.6898531841018027,0.09105604600474781
Random-161,random,rv1_coarse,723708,4368442,11655782.10945526,11272980.963400062,-382801.14605519734,-3.687228280483022,0.00022670996528217913
Random-162,random,rv1_coarse,839749,4252401,11765703.002460197,11240828.16601115,-524874.8364490457,-5.339314723285,9.329856065498632e-08
Random-163,random,rv1_coarse,895693,4196457,11678782.337755855,11252383.302422827,-426399.03533302806,-4.4941009777574825,6.986447260937112e-06
Random-164,random,rv1_coarse,203654,4888496,11943722.46397538,11301709.034825537,-642013.4291498419,-3.2284649880514653,0.0012445649271395354
Random-165,random,rv1_coarse,1249092,3843058,10818139.456423437,11492903.519718952,674764.0632955153,8.215967448123369,2.220446049250313e-16
Random-166,random,rv1_coarse,1093451,3998699,11074067.89668042,11396655.674481586,322587.77780116536,3.7102866254544877,0.00020702472319134024
Random-167,random,rv1_coarse,19023,5073127,2759184.3852343215,11359514.220721584,8600329.835487261,39.786236357636206,0.0
Random-168,random,rv1_coarse,1008057,4084093,11789754.784371773,11213261.16371921,-576493.620652562,-6.321718552504732,2.5867019637360045e-10
Random-169,random,rv1_coarse,206550,4885600,11304857.74913469,11328337.951634021,23480.202499331906,0.13423033064294593,0.8932204425512742
Random-170,random,rv1_coarse,595,5091555,19866961.465021007,11326387.601138601,-8540573.863882406,-1.6986907726004223,0.08937746296047555
Random-171,random,rv1_coarse,1189662,3902488,11585464.406122092,11248710.952671964,-336753.45345012844,-3.869618166166939,0.00010900593906182365
Random-172,random,rv1_coarse,874616,4217534,11522153.308089877,11286995.34535551,-235157.96273436584,-2.4286534059304263,0.015155012263405654
Random-173,random,rv1_coarse,245029,4847121,13174106.742211541,11234031.100863706,-1940075.6413478348,-10.460048812587033,0.0
Random-174,random,rv1_coarse,1014055,4078095,10729684.672610221,11476009.23320893,746324.5605987087,8.481679588002272,0.0
Random-175,random,rv1_coarse,345565,4746585,12980448.230923453,11207037.832814092,-1773410.3981093615,-11.598112369366152,0.0
Random-176,random,rv1_coarse,547610,4544540,10495764.47143157,11427594.582154915,931830.1107233446,8.437046138667206,0.0
Random-177,random,rv1_coarse,19281,5072869,2636690.0113161923,11360417.200696243,8723727.18938005,41.905697470820655,0.0
Random-178,random,rv1_coarse,738,5091412,17285426.917852305,11326521.91956211,-5958904.998290194,-1.4143591806901075,0.15725646878722466
Random-179,random,rv1_coarse,51489,5040661,9965753.979379239,11341294.238581542,1375540.2592023034,3.9873351677857367,6.681959712606655e-05
Random-180,random,rv1_coarse,1157828,3934322,10974364.638242902,11431275.732952062,456911.0947091598,5.3942977411178665,6.879206670973304e-08
Random-181,random,rv1_coarse,771742,4320408,10865494.278374363,11409891.838735081,544397.5603607185,5.5261726590919595,3.272920467978224e-08
Random-182,random,rv1_coarse,442097,4650053,10641133.500327988,11392629.947979612,751496.4476516247,6.2274132398499695,4.741991244117116e-10
Random-183,random,rv1_coarse,657,5091493,20143573.71366058,11326247.907373548,-8817325.806287032,-1.9737991620925026,0.048404584170011145
Random-184,random,rv1_coarse,1121167,3970983,11312718.584054116,11331526.603830522,18808.019776405767,0.21158976881811623,0.8324270919171841
Random-185,random,rv1_coarse,82627,5009523,12484214.571045404,11308304.816092305,-1175909.7549530994,-4.15175682338063,3.299327371064642e-05
Random-186,random,rv1_coarse,551,5091599,11235590.056261344,11327395.471337382,91805.41507603787,0.021266655506380384,0.9830329428714728
Random-187,random,rv1_coarse,1277205,3814945,11580008.313818336,11242809.987073623,-337198.3267447129,-3.9565317164770466,7.604579582065618e-05
Random-188,random,rv1_coarse,450615,4641535,12517866.677410966,11211809.836992588,-1306056.840418378,-9.885108790234753,0.0
Random-189,random,rv1_coarse,23276,5068874,3497014.524436215,11363342.184973657,7866327.660537442,32.59936491280698,0.0
Random-190,random,rv1_coarse,649025,4443125,11564239.231459502,11292787.37316392,-271451.85829558223,-2.4763270504252164,0.013274192003582375
Random-191,random,rv1_coarse,867092,4225058,10767913.263589619,11442203.827032547,674290.5634429287,7.153108014837467,8.484324354185446e-13
Random-192,random,rv1_coarse,854952,4237198,11531567.825532742,11286187.071978241,-245380.75355450064,-2.5104008752367655,0.012059417394041816
Random-193,random,rv1_coarse,63405,5028745,14883408.99858211,11282549.367094938,-3600859.631487172,-9.565198560153267,0.0
Random-194,random,rv1_coarse,1220314,3871836,11459917.221442755,11285614.58708975,-174302.6343530044,-2.021506718275875,0.04322733759169872
Random-195,random,rv1_coarse,1106969,3985181,11518523.827465594,11274292.801712437,-244231.0257531572,-2.7171892253366248,0.006583895401430118
Random-196,random,rv1_coarse,482284,4609866,10463507.454801159,11417764.428565955,954256.9737647958,8.113772715068114,4.440892098500626e-16
Random-197,random,rv1_coarse,1174086,3918064,11512454.199996501,11271927.912032535,-240526.2879639659,-2.7328206359962457,0.006279451815837556
Random-198,random,rv1_coarse,738658,4353492,11407624.690254107,11313771.341748927,-93853.34850518033,-0.9298700662298336,0.3524383632060899
Random-199,random,rv1_coarse,27071,5065079,4006715.5905667655,11366511.848449886,7359796.25788312,31.17414189576477,0.0
Random-200,random,rv1_coarse,1030840,4061310,11729587.126547396,11225298.898891447,-504288.2276559491,-5.581487446763858,2.3847026797696458e-08
Random-201,random,rv1_coarse,893,5091257,10004738.169442888,11327617.52812746,1322879.3586845715,0.4545044203248177,0.6494658111241076
Random-202,random,rv1_coarse,791485,4300665,11552656.523202598,11285927.156921066,-266729.36628153175,-2.69016580730522,0.007141652563835255
Random-203,random,rv1_coarse,1114815,3977335,11049952.394824577,11405147.815195492,355195.42037091404,4.129989285250244,3.6278014161172933e-05
Random-204,random,rv1_coarse,1972,5090178,6285628.509825051,11329338.778558543,5043710.268733492,5.306926927130834,1.1148884548894955e-07
Random-205,random,rv1_coarse,955,5091195,14573413.682329843,11326776.651556326,-3246637.0307735167,-0.9387770604916903,0.34784521897554344
Random-206,random,rv1_coarse,823154,4268996,11082275.84542282,11374647.943760961,292372.09833814204,2.895248266480017,0.003788587643817287
Random-207,random,rv1_coarse,1225869,3866281,10985335.639132263,11435838.173681505,450502.5345492419,5.438761639441439,5.3652176701390886e-08
Random-208,random,rv1_coarse,835602,4256548,11941599.4766802,11206809.334388806,-734790.142291395,-7.3847385613666585,1.5276668818842154e-13
Random-209,random,rv1_coarse,1281497,3810653,11684800.994739026,11207189.120665634,-477611.8740733918,-5.713690260659191,1.1055214299560134e-08
Random-210,random,rv1_coarse,24675,5067475,3370802.591473531,11366128.438846236,7995325.847372705,36.11317885303239,0.0
Random-211,random,rv1_coarse,19747,5072403,2809593.1505892556,11360545.530124923,8550952.379535668,36.840157345584025,0.0
Random-212,random,rv1_coarse,1186385,3905765,11455773.804401264,11288387.309439337,-167386.4949619267,-1.9138250186005556,0.0556425176325015
Random-213,random,rv1_coarse,496080,4596070,10793434.502360648,11385017.912402522,591583.4100418743,5.125517910587626,2.9672095602784054e-07
Random-214,random,rv1_coarse,131623,4960527,12072656.662042668,11307610.456864543,-765046.2051781248,-3.423612157819584,0.0006179474569638632
Random-215,random,rv1_coarse,18089,5074061,2880411.46590275,11357498.954305088,8477087.488402339,37.239009928133115,0.0
Random-216,random,rv1_coarse,805427,4286723,11258553.370394306,11340318.326873548,81764.95647924207,0.7988112436997303,0.424399869925399
Random-217,random,rv1_coarse,1011124,4081026,11352829.145810777,11321081.572956936,-31747.572853840888,-0.35043207445351315,0.726014458640502
Random-218,random,rv1_coarse,756766,4335384,11699456.357645344,11262438.454041693,-437017.90360365063,-4.292979927642102,1.7629094923199418e-05
Random-219,random,rv1_coarse,28533,5063617,4149156.0586398966,11367834.177578155,7218678.118938258,29.939584178514693,0.0
Random-220,random,rv1_coarse,2170,5089980,6090194.665754608,11329618.297549745,5239423.631795137,6.126268013495463,8.996421385631947e-10
Random-221,random,rv1_coarse,107541,4984609,8380350.057095747,11390966.681458225,3010616.624362478,14.217471817458577,0.0
Random-222,random,rv1_coarse,420638,4671512,12210749.347857269,11247844.612280337,-962904.7355769314,-7.055063074723144,1.7252865802674933e-12
Random-223,random,rv1_coarse,16548,5075602,5100360.586026038,11347687.52506784,6247326.939041802,17.174658527736156,0.0
Random-224,random,rv1_coarse,522,5091628,24628593.13900862,11326021.88120742,-13302571.2578012,-2.3537268711871944,0.018586262124757225
Random-225,random,rv1_coarse,1799,5090351,6481071.2440939415,11329098.291536048,4848027.0474421065,4.775756572858986,1.7903286024800735e-06
Random-226,random,rv1_coarse,729919,4362231,11439858.099030415,11308565.841836609,-131292.25719380565,-1.273608120269818,0.20280233297840988
Random-227,random,rv1_coarse,317082,4775068,10738025.020814342,11366521.233820561,628496.2130062189,4.423454761131353,9.713497884256128e-06
Random-228,random,rv1_coarse,19089,5073061,5218757.290124359,11350371.187469607,6131613.897345249,18.2512054530601,0.0
Random-229,random,rv1_coarse,30470,5061680,10679608.735728716,11331284.98569828,651676.2499695644,1.7235354966630667,0.08479173176740029
Random-230,random,rv1_coarse,28501,5063649,4192600.661948138,11367544.028648263,7174943.366700125,29.57845730549072,0.0
Random-231,random,rv1_coarse,1807,5090343,11223284.468352241,11327422.491873853,104138.02352161147,0.061918524653769715,0.9506277152623979
Random-232,random,rv1_coarse,977247,4114903,11439595.91976633,11300736.72958586,-138859.1901804693,-1.5081626679337448,0.1315128993543837
Random-233,random,rv1_coarse,1173470,3918680,10892389.451888623,11457647.47682362,565258.0249349978,6.706575944629663,1.992450648913291e-11
Random-234,random,rv1_coarse,1165105,3927045,11414458.199746447,11301552.170594262,-112906.02915218472,-1.2834638297820504,0.19932962381036234
Random-235,random,rv1_coarse,1105740,3986410,11027298.674513824,11410622.848184213,383324.17367038876,4.440436622184302,8.977654232689147e-06
Random-236,random,rv1_coarse,1035529,4056621,11033774.537425103,11402335.28141319,368560.7439880874,4.1820110255866405,2.8894195416739876e-05
Random-237,random,rv1_coarse,562242,4529908,11761272.21169613,11273532.498615531,-487739.71308059804,-4.159705480122785,3.186582307868058e-05
Random-238,random,rv1_coarse,21238,5070912,2790440.331748151,11363139.982082369,8572699.650334217,42.522157579047416,0.0
Random-239,random,rv1_coarse,410055,4682095,11932227.890524097,11274413.816237833,-657814.0742862634,-4.746373628145129,2.0709601125101784e-06
Random-240,random,rv1_coarse,23077,5069073,2446504.4238675544,11367815.82786386,8921311.403996307,46.46232459779086,0.0
Random-241,random,rv1_coarse,1167737,3924413,11810325.456545847,11183683.32969452,-626642.1268513259,-7.22842566770665,4.887201754399939e-13
Random-242,random,rv1_coarse,21380,5070770,2326051.0466608005,11365338.06368842,9039287.01702762,48.17208630040398,0.0
Random-243,random,rv1_coarse,54912,5037238,9162160.252134606,11350989.117612017,2188828.865477411,8.30315370413759,0.0
Random-244,random,rv1_coarse,1013083,4079067,11909772.899294814,11182742.967068365,-727029.9322264493,-7.929552888427388,2.220446049250313e-15
Random-245,random,rv1_coarse,1206088,3886062,10806860.867859876,11488936.886285285,682076.0184254088,8.21651932486097,2.220446049250313e-16
Random-246,random,rv1_coarse,755760,4336390,11224657.059588924,11345289.387078192,120632.32748926803,1.161920354112907,0.24526781846860857
Random-247,random,rv1_coarse,37636,5054514,14999960.766661456,11300039.477815842,-3699921.2888456136,-8.225188444920859,2.220446049250313e-16
Random-248,random,rv1_coarse,25796,5066354,3179688.111829268,11368870.598077865,8189182.4862485975,40.621183040961895,0.0
Random-249,random,rv1_coarse,1188172,3903978,11534415.823145948,11264376.066455284,-270039.7566906642,-3.122586551174142,0.0017926938647896407
Random-250,random,rv1_coarse,20724,5071426,4442196.855278682,11355521.34191806,6913324.486639379,23.458019641242306,0.0
Random-251,random,rv1_coarse,17423,5074727,5384514.237841956,11347789.126985751,5963274.889143795,16.52401659606593,0.0
Random-252,random,rv1_coarse,567,5091583,10980224.855930336,11327424.197365263,347199.34143492766,0.0827535371570787,0.934047514322931
Random-253,random,rv1_coarse,163824,4928326,11813928.374683559,11311212.217400547,-502716.1572830118,-2.490527473650078,0.012755363377325413
Random-254,random,rv1_coarse,183000,4909150,12029951.50674314,11301195.754632255,-728755.7521108855,-3.6094277387272635,0.0003068732414932551
Random-255,random,rv1_coarse,169600,4922550,13085550.58767554,11266810.2680353,-1818740.3196402397,-8.782745126686894,0.0
Random-256,random,rv1_coarse,145505,4946645,10203870.903588295,11360433.592618901,1156562.6890306063,5.655854917886699,1.5507242157042356e-08
Random-257,random,rv1_coarse,497723,4594427,11851722.696274595,11270583.097528609,-581139.5987459868,-4.6658710292267145,3.0731242017800753e-06
Random-258,random,rv1_coarse,638576,4453574,11229028.513314718,11341488.465818346,112459.95250362717,1.061144923564435,0.2886240446981756
Random-259,random,rv1_coarse,1956,5090194,8309876.570999489,11328545.070387114,3018668.4993876247,2.3905381533790053,0.016823701040772354
Random-260,random,rv1_coarse,280540,4811610,11843804.404519362,11297275.834272332,-546528.5702470299,-3.266414342762698,0.0010891875358618464
Random-261,random,rv1_coarse,804934,4287216,11390813.44132244,11315476.812460463,-75336.62886197679,-0.76351819545542,0.445154415129285
Random-262,random,rv1_coarse,137627,4954523,7939746.5248897895,11421487.551799828,3481741.0269100387,19.688063738460198,0.0
Random-263,random,rv1_coarse,689728,4402422,12087861.164388577,11208241.726803003,-879619.4375855736,-8.095695417490782,6.661338147750939e-16
Random-264,random,rv1_coarse,872223,4219927,11519228.43606036,11287733.242873885,-231495.19318647496,-2.444120195272827,0.014520588006229351
Random-265,random,rv1_coarse,1117652,3974498,11495793.115276344,11280028.34514248,-215764.77013386413,-2.4098525059311044,0.015958970806645212
Random-266,random,rv1_coarse,14463,5077687,17725559.935898084,11309161.334921598,-6416398.600976486,-7.587802201281149,3.26405569239796e-14
Random-267,random,rv1_coarse,2056,5090094,10078723.714220574,11327889.89921021,1249166.1849896368,0.8165155519574163,0.4142053324129895
Random-268,random,rv1_coarse,149914,4942236,9455784.048323276,11384157.26298109,1928373.2146578152,10.060510650341486,0.0
Random-269,random,rv1_coarse,973321,4118829,11005973.490999347,11403338.45866239,397364.9676630441,4.41652335199236,1.0030106959879603e-05
Random-270,random,rv1_coarse,2466,5089684,6831389.37068477,11329563.890095893,4498174.519411123,4.553950058544737,5.264785979397502e-06
Random-271,random,rv1_coarse,871992,4220158,11622790.718319617,11266347.312242331,-356443.4060772862,-3.724512546239932,0.00019569298038524252
Random-272,random,rv1_coarse,32830,5059320,6693508.208572367,11357454.833870856,4663946.625298489,13.702644035333353,0.0
Random-273,random,rv1_coarse,204225,4887925,11342621.844761476,11326748.94118476,-15872.90357671678,-0.0901207091022189,0.9281912926964206
Random-274,random,rv1_coarse,1280582,3811568,10701165.746662093,11537778.161217352,836612.414555259,10.307215375073419,0.0
Random-275,random,rv1_coarse,204261,4887889,9911294.689942593,11386562.84950918,1475268.1595665868,8.555697395363458,0.0
Random-276,random,rv1_coarse,977939,4114211,11286080.299459415,11337203.702633118,51123.4031737037,0.5454148923912981,0.585468200209796
Random-277,random,rv1_coarse,1023941,4068209,11517871.649420217,11279441.45691825,-238430.1925019659,-2.5700902305794435,0.010167202951241627
Random-278,random,rv1_coarse,1936,5090214,9984072.498159865,11327896.44997843,1343823.951818565,0.879474474543699,0.3791440672048467
Random-279,random,rv1_coarse,21821,5070329,4280186.217498988,11357714.32605949,7077528.1085605025,25.260442644778017,0.0
Random-280,random,rv1_coarse,838,5091312,9217905.51372315,11327732.745462552,2109827.231739402,0.7154445922748033,0.474334366570643
Random-281,random,rv1_coarse,133823,4958327,13764159.600727547,11261618.109160364,-2502541.4915671833,-9.800162587215564,0.0
Random-282,random,rv1_coarse,930567,4161583,11664012.805667523,11252112.684056843,-411900.1216106806,-4.405072799900575,1.0574835804799676e-05
Random-283,random,rv1_coarse,103578,4988572,12027180.718070285,11312855.650909849,-714325.0671604369,-2.931818547917598,0.0033698357380114174
Random-284,random,rv1_coarse,867684,4224466,12037394.886060648,11181553.199924037,-855841.6861366108,-8.719657965892463,0.0
Random-285,random,rv1_coarse,22997,5069153,13595128.46994472,11317097.569389524,-2278030.9005551953,-4.133366352077434,3.574882096590848e-05
Random-286,random,rv1_coarse,575,5091575,21781009.668369565,11326204.992370263,-10454804.675999302,-1.9844086128439113,0.04721030665470849
Random-287,random,rv1_coarse,752888,4339262,11180738.300377654,11352829.713230545,172091.4128528908,1.655013217873277,0.0979218167326732
Random-288,random,rv1_coarse,250452,4841698,10597599.795999752,11365135.991645742,767536.1956459899,4.8065086703709365,1.535888252357509e-06
Random-289,random,rv1_coarse,1247741,3844409,10835007.845118314,11487191.59197452,652183.7468562052,7.940655605700782,1.9984014443252818e-15
Random-290,random,rv1_coarse,988992,4103158,11434269.625147413,11301623.06191308,-132646.56323433295,-1.4410060808290892,0.14958296488613287
Random-291,random,rv1_coarse,860551,4231599,11028085.149092179,11388252.18586414,360167.03677196056,3.7711070236285282,0.00016252494583945953
Random-292,random,rv1_coarse,1082472,4009678,10710069.43895148,11494039.166952118,783969.728000639,9.110033874086138,0.0
Random-293,random,rv1_coarse,5888,5086262,2835416.1313795005,11337216.080179388,8501799.948799888,23.932888661380698,0.0
Random-294,random,rv1_coarse,943549,4148601,10891088.89669587,11426615.918763565,535527.022067694,5.87275200432942,4.286194288383172e-09
Random-295,random,rv1_coarse,4120,5088030,3744556.565761529,11333525.68509541,7588969.119333882,14.948059860154217,0.0
Random-296,random,rv1_coarse,294211,4797939,12701269.162723402,11243138.598250816,-1458130.564472586,-9.169350071601174,0.0
Random-297,random,rv1_coarse,713278,4378872,11346853.815497871,11324214.333914362,-22639.481583509594,-0.22143584100592067,0.824753087917762
Random-298,random,rv1_coarse,1059266,4032884,10943602.44793213,11428188.927322397,484586.4793902673,5.5377964236986355,3.063009978987452e-08
Random-299,random,rv1_coarse,212373,4879777,11199735.900794467,11332940.98318991,133205.0823954437,0.7756155002497791,0.4379760455600714
Random-300,random,rv1_coarse,536497,4555653,11115567.40311347,11352330.324438399,236762.92132492922,1.9127244606635763,0.05578333604596408
Random-301,random,rv1_coarse,254057,4838093,10952187.629755951,11347087.857123462,394900.227367511,2.5174649112157725,0.011820274262828612
Random-302,random,rv1_coarse,786093,4306057,11455666.314535443,11303967.217432288,-151699.0971031543,-1.5414602353985174,0.12320481367438774
Random-303,random,rv1_coarse,286050,4806100,10441405.225810451,11380117.413233986,938712.1874235347,6.452397909824657,1.1009415601392902e-10
Random-304,random,rv1_coarse,1288614,3803536,10998365.823932854,11438855.340595046,440489.5166621916,5.412938120268302,6.199892044200794e-08
Random-305,random,rv1_coarse,27935,5064215,3764688.400660381,11369102.554712722,7604414.154052341,33.798503633032844,0.0
Random-306,random,rv1_coarse,1404,5090746,10825256.148370726,11327524.022010649,502267.8736399226,0.23300003768743646,0.8157613765033007
Random-307,random,rv1_coarse,1883,5090267,6511444.16814923,11329167.058470275,4817722.890321045,4.842238683830408,1.2838441549867241e-06
Random-308,random,rv1_coarse,480206,4611944,10752082.438600538,11387287.392274566,635204.9536740277,5.377980684482254,7.532589529901657e-08
Random-309,random,rv1_coarse,7539,5084611,3301042.8948716675,11339286.270316944,8038243.3754452765,18.032841787452355,0.0
Random-310,random,rv1_coarse,2233,5089917,7108729.938843484,11329236.305942414,4220506.36709893,3.9128785806670914,9.120239802662411e-05
Random-311,random,rv1_coarse,1092625,3999525,11673295.0430001,11232886.972385205,-440408.07061489485,-4.999899038571124,5.736034220937825e-07
Random-312,random,rv1_coarse,1192855,3899295,11442664.503849978,11292119.90830316,-150544.5955468174,-1.7418269589246154,0.08153872786261562
Random-313,random,rv1_coarse,24192,5067958,2992103.4741063192,11367174.174951995,8375070.700845676,39.43972992925084,0.0
Random-314,random,rv1_coarse,992575,4099575,11844030.050367674,11202297.344808482,-641732.7055591922,-6.977174086800948,3.0118130212031247e-12
Random-315,random,rv1_coarse,2948,5089202,8531453.047867734,11329005.125165366,2797552.0772976317,2.8258940465186453,0.004714885679108161
Random-316,random,rv1_coarse,237142,4855008,11243494.962224081,11331483.15764983,87988.19542574883,0.5279151946508763,0.5975581980590561
Random-317,random,rv1_coarse,27167,5064983,3722549.6440297225,11368175.52169624,7645625.877666517,33.21076362768335,0.0
Random-318,random,rv1_coarse,292235,4799915,11658123.561040223,11307249.092062326,-350874.4689778965,-2.3010993658696757,0.02138601517586225
Random-319,random,rv1_coarse,24927,5067223,3583640.1894041537,11365479.053435316,7781838.864031162,33.065108991031096,0.0
Random-320,random,rv1_coarse,1193853,3898297,11558057.943563508,11256742.140090868,-301315.80347264,-3.449783819630996,0.0005610356331420263
Random-321,random,rv1_coarse,1203853,3888297,10951488.904200733,11443766.639430625,492277.73522989266,5.9196944566862655,3.2254028337064256e-09
Random-322,random,rv1_coarse,88129,5004021,12561164.937861392,11305656.662867352,-1255508.27499404,-4.563706461897844,5.025833682781311e-06
Random-323,random,rv1_coarse,265981,4826169,11044024.277286818,11343002.212166611,298977.93487979285,1.866555968070195,0.06196362138625311
Random-324,random,rv1_coarse,797176,4294974,11584273.57936091,11279705.392788483,-304568.18657242693,-3.102169149038319,0.0019210815463313047
Random-325,random,rv1_coarse,964941,4127209,11070439.965717338,11387459.38323639,317019.4175190516,3.4861742562750173,0.0004899817181951427
Random-326,random,rv1_coarse,374219,4717931,10682300.026915552,11378552.723813597,696252.696898045,5.394604883175165,6.867450341729864e-08
Random-327,random,rv1_coarse,974308,4117842,11391752.276073392,11312155.95158591,-79596.32448748313,-0.8471731204728613,0.39689863345776555
Random-328,random,rv1_coarse,1192615,3899535,11017144.103624893,11422268.283126665,405124.1795017719,4.829313817542765,1.370043459569814e-06
Random-329,random,rv1_coarse,1950,5090200,6317870.28025641,11329304.62801863,5011434.347762221,4.602583225956813,4.172827293036363e-06
Random-330,random,rv1_coarse,639231,4452919,11376477.417701395,11320338.23844365,-56139.17925774492,-0.5096354902834758,0.6103068551141824
Random-331,random,rv1_coarse,314455,4777695,12609502.740922963,11243000.04085443,-1366502.7000685334,-8.274794461241287,2.220446049250313e-16
Random-332,random,rv1_coarse,472367,4619783,10990793.553253606,11361801.644409962,371008.09115635604,3.0873718179359635,0.0020193484065949008
Random-333,random,rv1_coarse,822822,4269328,11061295.79572927,11378668.66526849,317372.8695392199,3.1436099232087895,0.0016687772635597398
Random-334,random,rv1_coarse,682669,4409481,11398110.996663418,11316435.93171299,-81675.06495042704,-0.7749641887674189,0.4383608208356651
Random-335,random,rv1_coarse,755038,4337112,11867372.602481017,11233380.41294642,-633992.1895345971,-6.217032011083459,5.066465025294065e-10
Random-336,random,rv1_coarse,1148078,3944072,10812092.046532221,11477382.069087053,665290.0225548316,7.839906326991032,4.440892098500626e-15
Random-337,random,rv1_coarse,764052,4328098,11477943.43189148,11300807.105006257,-177136.3268852234,-1.7469740120435229,0.08064184613911562
Random-338,random,rv1_coarse,2042,5090108,6746593.847637121,11329223.214900363,4582629.367263243,4.490411187559357,7.108581080883525e-06
Random-339,random,rv1_coarse,323965,4768185,9659492.324814303,11440707.278257549,1781214.953443246,13.785076475446283,0.0
Random-340,random,rv1_coarse,9680,5082470,18478840.698485535,11313764.97778159,-7165075.720703945,-6.692392247962733,2.195510440117232e-11
Random-341,random,rv1_coarse,2006,5090144,8466854.057639582,11328512.858447092,2861658.8008075096,2.2819813390167796,0.022490442009028833
Random-342,random,rv1_coarse,22453,5069697,4719042.610369277,11356652.991462076,6637610.381092799,23.009799139410713,0.0
Random-343,random,rv1_coarse,1137444,3954706,11707470.044823669,11218066.452202143,-489403.59262152575,-5.610733166165404,2.0147121304603388e-08
Random-344,random,rv1_coarse,19744,5072406,8303235.880298999,11339156.837084083,3035920.9567850837,5.915059580243063,3.3175546754193874e-09
Random-345,random,rv1_coarse,2458,5089692,8117493.334182727,11328935.712803744,3211442.3786210166,2.9564163887994632,0.0031123660338907566
Random-346,random,rv1_coarse,19623,5072527,2734410.683091833,11360627.34091955,8626216.657827718,37.14373720397339,0.0
Random-347,random,rv1_coarse,844701,4247449,10950509.401136247,11402335.85451826,451826.45338201337,4.766687218822667,1.872797040114449e-06
Random-348,random,rv1_coarse,1241681,3850469,11552194.683830464,11254890.149063306,-297304.53476715833,-3.492409261117884,0.00047868420200924966
Random-349,random,rv1_coarse,451843,4640307,10809733.019882742,11377791.182282563,568058.162399821,4.705725693695273,2.529644697712996e-06
Random-350,random,rv1_coarse,12459,5079691,2258277.5978860664,11349629.41328417,9091351.815398103,41.333065191754436,0.0
Random-351,random,rv1_coarse,515696,4576454,10850953.997351402,11381072.046603946,530118.0492525436,4.65557177590132,3.2308282549298184e-06
Random-352,random,rv1_coarse,21495,5070655,2912789.4566917815,11363055.829121752,8450266.37242997,40.475649259385506,0.0
Random-353,random,rv1_coarse,11523,5080627,2674542.286819025,11347010.420921654,8672468.134102628,28.513781995209616,0.0
Random-354,random,rv1_coarse,14512,5077638,2523406.6558513534,11352547.500865014,8829140.845013661,36.816466426470924,0.0
Random-355,random,rv1_coarse,888493,4203657,11705515.141923524,11247463.339562166,-458051.80236135796,-4.804660309263405,1.55014457603464e-06
Random-356,random,rv1_coarse,236937,4855213,10267275.642830495,11379119.469238859,1111843.8264083639,6.404029276392908,1.513291714161369e-10
Random-357,random,rv1_coarse,638021,4454129,11151931.5814491,11352518.017565094,200586.4361159932,1.8905117503569235,0.058689550563255866
Random-358,random,rv1_coarse,27765,5064385,4070507.5562730837,11367170.667768547,7296663.111495463,31.060289485805317,0.0
Random-359,random,rv1_coarse,305793,4786357,10877423.447494106,11356132.924541017,478709.4770469107,3.3377672489881394,0.0008445446133218404
Random-360,random,rv1_coarse,655966,4436184,10749603.972242307,11412820.465817248,663216.4935749415,5.984702912432301,2.1678518979939554e-09
Random-361,random,rv1_coarse,11677,5080473,2412216.5333668753,11347876.233596126,8935659.70022925,36.47772293198796,0.0
Random-362,random,rv1_coarse,982965,4109185,11681187.47349944,11242751.98602608,-438435.48747335933,-4.7883866368028025,1.6812749339401023e-06
Random-363,random,rv1_coarse,1284123,3808027,11004148.292011963,11436385.915174358,432237.6231623944,5.3037018932369095,1.1347757089552601e-07
Random-364,random,rv1_coarse,1165,5090985,15670057.891577253,11326391.778240016,-4343666.113337237,-1.64733718587475,0.09948875859095319
Random-365,random,rv1_coarse,1289095,3803055,10956484.611796282,11453107.234563636,496622.62276735343,6.1063098765041905,1.0196095079351153e-09
Random-366,random,rv1_coarse,821839,4270311,11716637.677724995,11252472.354393648,-464165.32333134674,-4.722615049880096,2.328312976418445e-06
Random-367,random,rv1_coarse,323931,4768219,11850980.446266102,11291814.893075906,-559165.5531901959,-3.84212471668187,0.00012197382684075997
Random-368,random,rv1_coarse,659979,4432171,11585870.934773237,11288895.385788642,-296975.54898459464,-2.8018895329499465,0.00508042665633246
Random-369,random,rv1_coarse,210196,4881954,11224358.337305626,11331821.446805652,107463.10950002633,0.6076634398912067,0.5434107157439838
Random-370,random,rv1_coarse,1049216,4042934,10981310.621743368,11417198.366157806,435887.74441443756,4.988366173996447,6.089207029713606e-07
Random-371,random,rv1_coarse,822590,4269560,11501185.602552267,11293900.542393938,-207285.06015832908,-2.101913129082786,0.03556088624616316
Random-372,random,rv1_coarse,28355,5063795,3915634.7639661524,11368888.04559716,7453253.281631008,32.70443689246975,0.0
Random-373,random,rv1_coarse,371960,4720190,11890622.05839689,11283001.422346478,-607620.6360504124,-4.35443552082666,1.3341024031721105e-05
Random-374,random,rv1_coarse,721669,4370481,11820156.847804772,11246017.427461306,-574139.4203434661,-5.480658564759604,4.237455475397667e-08
Random-375,random,rv1_coarse,583,5091567,20447325.03098199,11326341.276485976,-9120983.754496016,-1.7769562030880628,0.07557544606422728
Random-376,random,rv1_coarse,1123293,3968857,11758625.143433928,11205333.160490187,-553291.9829437416,-6.322422404199093,2.574942481459175e-10
Random-377,random,rv1_coarse,970241,4121909,11134976.934767708,11372675.890811998,237698.95604429021,2.6391431111472943,0.008311588564665406
Random-378,random,rv1_coarse,20551,5071599,2738814.8675664403,11362187.91750759,8623373.04994115,38.3479011390064,0.0
Random-379,random,rv1_coarse,469804,4622346,9602019.705939064,11502747.522288017,1900727.8163489532,17.281425556189323,0.0
Random-380,random,rv1_coarse,622858,4469292,12233889.713736216,11201051.572658181,-1032838.1410780344,-9.14943168174175,0.0
Random-381,random,rv1_coarse,24213,5067937,2474898.0114865378,11369679.92282359,8894781.911337052,48.160514447173355,0.0
Random-382,random,rv1_coarse,868662,4223488,10646593.914821515,11467406.726703199,820812.8118816838,8.934512964421696,0.0
Random-383,random,rv1_coarse,1177,5090973,8843291.044445625,11327959.844027385,2484668.7995817605,1.4261376856886827,0.1538286025450919
Random-384,random,rv1_coarse,1161415,3930735,10911033.088379081,11450405.272868088,539372.1844890062,6.3687130484368355,1.9062085243604088e-10
Random-385,random,rv1_coarse,804763,4287387,11589596.740995042,11278167.24324479,-311429.4977502525,-3.120686668954969,0.0018042990218467558
Random-386,random,rv1_coarse,537,5091613,20595655.23777933,11326408.035670474,-9269247.202108856,-1.688572735589482,0.09130133921166084
Random-387,random,rv1_coarse,1271626,3820524,11601025.140952127,11236307.131874727,-364718.00907739997,-4.268843872270557,1.964887348737676e-05
Random-388,random,rv1_coarse,888775,4203375,11732404.627462152,11241747.010869661,-490657.61659249105,-5.134844390889222,2.823775639981818e-07
Random-389,random,rv1_coarse,795930,4296220,11714064.132335048,11255748.355470043,-458315.7768650055,-4.598651763859073,4.252338892563046e-06
Random-390,random,rv1_coarse,516471,4575679,11556750.956031168,11301496.355311323,-255254.60071984492,-2.075230108378136,0.037965213444937085
Random-391,random,rv1_coarse,457225,4634925,10714846.94017717,11387811.102092141,672964.1619149707,5.669792644698614,1.4297044659272728e-08
Random-392,random,rv1_coarse,262371,4829779,12224831.092444794,11278633.060856637,-946198.0315881576,-5.762452544552212,8.290035546920649e-09
Random-393,random,rv1_coarse,615607,4476543,10778818.276233733,11402823.625732964,624005.3494992312,5.846471084952424,5.0211079738460285e-09
Random-394,random,rv1_coarse,1049960,4042190,11703155.994271876,11229779.054631582,-473376.93964029476,-5.282637004273009,1.2733754162219668e-07
Random-395,random,rv1_coarse,17354,5074796,5429160.535981353,11347555.37220521,5918394.8362238575,16.32723665697664,0.0
Random-396,random,rv1_coarse,2171,5089979,7226879.463236988,11329134.50316244,4102255.0399254523,3.6997908199645813,0.00021577724684651578
Random-397,random,rv1_coarse,904086,4188064,11584886.525938347,11271798.268817633,-313088.2571207136,-3.3373238810044183,0.0008458931278263471
Random-398,random,rv1_coarse,26780,5065370,3790145.396775028,11367234.016638724,7577088.619863696,32.798982837157546,0.0
Random-399,random,rv1_coarse,2343,5089807,7024452.32501067,11329366.314437745,4304913.989427075,4.147880537132518,3.355674104565942e-05
Random-400,random,rv1_coarse,68000,5024150,11559265.44028297,11324247.129295046,-235018.31098792516,-0.7344172553571441,0.4626944733731022
Random-401,random,rv1_coarse,1291949,3800201,11637263.820575753,11222036.652497567,-415227.168078186,-4.935782162510268,7.983017249468816e-07
Random-402,random,rv1_coarse,11938,5080212,5904724.087127568,11340128.260087337,5435404.172959769,11.560162124688867,0.0
Random-403,random,rv1_coarse,679845,4412305,12038980.029246736,11217743.534638627,-821236.4946081098,-7.508809662010883,5.972999872483342e-14
Random-404,random,rv1_coarse,437957,4654193,10957498.642521936,11362191.690719306,404693.04819737,3.025642409330775,0.00248105536801968
Random-405,random,rv1_coarse,819409,4272741,11738466.10596638,11248550.167483386,-489915.9384829942,-4.956611747460089,7.173311733499332e-07
Random-406,random,rv1_coarse,1141550,3950600,10926237.322308343,11443299.764417013,517062.44210867025,6.091468194263658,1.1187981652227563e-09
Random-407,random,rv1_coarse,520793,4571357,11330881.417355368,11326987.268462775,-3894.1488925926387,-0.03309517991466939,0.9735986865169286
Random-408,random,rv1_coarse,307446,4784704,13055605.67575501,11216337.002664901,-1839268.6730901096,-11.06330204240548,0.0
Random-409,random,rv1_coarse,562,5091588,21197169.516014233,11326296.129089577,-9870873.386924656,-1.8546865856965178,0.06364099543707469
Random-410,random,rv1_coarse,1175485,3916665,11481374.682712303,11281169.70577746,-200204.97693484277,-2.2770777640923074,0.022781582272989764
Random-411,random,rv1_coarse,440165,4651985,11876118.50940398,11275465.110247592,-600653.3991563879,-4.490700462955872,7.098932630178467e-06
Random-412,random,rv1_coarse,1295173,3796977,10953693.861693935,11454854.144403618,501160.28270968236,6.188215488795219,6.084910353365558e-10
Random-413,random,rv1_coarse,392853,4699297,12251159.737666097,11250159.63199721,-1001000.1056688856,-7.076738280296191,1.4759304889366831e-12
Random-414,random,rv1_coarse,955894,4136256,11044688.415125825,11392717.200458255,348028.78533243015,3.8243646220461165,0.0001311097624632218
Random-415,random,rv1_coarse,1239272,3852878,11776410.939634532,11182957.24043278,-593453.6992017515,-6.9927630211104805,2.69517741458003e-12
Random-416,random,rv1_coarse,1266163,3825987,10678688.419561272,11542063.812346978,863375.3927857056,10.655327416475508,0.0
Random-417,random,rv1_coarse,213083,4879067,11755379.715830775,11308693.790964253,-446685.92486652173,-2.320027552266707,0.020339386912169743
Random-418,random,rv1_coarse,800934,4291216,11564859.303809665,11283062.246913102,-281797.0568965636,-2.8604340780501234,0.00423061498328603
Random-419,random,rv1_coarse,952191,4139959,11003054.57865224,11401981.691675084,398927.1130228434,4.382000189401255,1.175947070053418e-05
Random-420,random,rv1_coarse,1016591,4075559,11221300.518265035,11353846.956803564,132546.43853852898,1.4748634798525666,0.14024925047974435
Random-421,random,rv1_coarse,889606,4202544,11273173.000879899,11338861.395375317,65688.3944954183,0.6724345743798733,0.5013070782578546
Random-422,random,rv1_coarse,1292520,3799630,10914390.57109048,11467874.020270677,553483.449180197,6.82449969636554,8.823164421301044e-12
Random-423,random,rv1_coarse,2212,5089938,5998794.501441004,11329701.25198966,5330906.750548657,6.352758945691931,2.1148705009466084e-10
Random-424,random,rv1_coarse,1023672,4068478,11062425.00509082,11394052.403570969,331627.398480149,3.745018345212909,0.0001803805946190007
Random-425,random,rv1_coarse,1110469,3981681,11533142.402996894,11270001.075795216,-263141.3272016775,-2.9743976274204926,0.002935643928835052
Random-426,random,rv1_coarse,408941,4683209,11933098.772800868,11274494.245150914,-658604.527649954,-4.809682540579139,1.5117018996591014e-06
Random-427,random,rv1_coarse,774275,4317875,10916108.438030321,11401135.142571524,485026.70454120263,4.9624788509833575,6.959914702342473e-07
Random-428,random,rv1_coarse,21755,5070395,2753664.4409551704,11364171.882994117,8610507.442038946,43.713011639838214,0.0
Random-429,random,rv1_coarse,512189,4579961,12595083.019270876,11185615.617257355,-1409467.4020135216,-11.273242709023657,0.0
Random-430,random,rv1_coarse,902989,4189161,11336772.03661971,11325362.243182287,-11409.793437423185,-0.12047975004484825,0.9041031199138807
Random-431,random,rv1_coarse,952069,4140081,10914553.082122909,11422322.081679864,507768.99955695495,5.538459351279854,3.051440500279057e-08
Random-432,random,rv1_coarse,64764,5027386,12818921.716537895,11308171.208364956,-1510750.5081729386,-4.7982252867546435,1.6007766943104684e-06
Random-433,random,rv1_coarse,1293446,3798704,10845057.418738825,11491616.647822224,646559.2290833984,7.965154433128566,1.5543122344752192e-15
Random-434,random,rv1_coarse,131405,4960745,12081591.640286203,11307407.39850469,-774184.2417815141,-3.42635511152587,0.0006117400318399469
Random-435,random,rv1_coarse,770477,4321673,12118291.81033054,11186381.09487666,-931910.7154538799,-9.009962799887985,0.0
Random-436,random,rv1_coarse,256221,4835929,11189155.848964939,11334709.331714606,145553.48274966702,0.9287058354437676,0.3530415557588036
Random-437,random,rv1_coarse,228188,4863962,11490162.90420041,11319748.997176223,-170413.90702418797,-0.9890848562259069,0.32262162626382995
Random-438,random,rv1_coarse,24263,5067887,3547633.8071175762,11364631.852589618,7816998.045472043,33.15943851424021,0.0
Random-439,random,rv1_coarse,1188497,3903653,10959913.184476372,11439265.304722609,479352.12024623714,5.7329367798587345,9.87064319168951e-09
Random-440,random,rv1_coarse,1047926,4044224,11753817.972199172,11216889.769768478,-536928.2024306934,-5.967794368025272,2.4048216751282325e-09
Random-441,random,rv1_coarse,42944,5049206,13263715.071543442,11310916.861889686,-1952798.2096537556,-5.008003608661358,5.499750386217528e-07
Random-442,random,rv1_coarse,3461,5088689,19996950.231862307,11321489.055400016,-8675461.17646229,-4.493483888683003,7.006732477776723e-06
Random-443,random,rv1_coarse,1307510,3784640,10713366.603811493,11539515.59367268,826148.9898611866,10.291913003287952,0.0
Random-444,random,rv1_coarse,23686,5068464,4574499.9522997625,11358943.194371464,6784443.242071701,24.67107929885043,0.0
Random-445,random,rv1_coarse,93518,4998632,13586567.010889985,11285119.146771064,-2301447.8641189206,-7.511140060236279,5.861977570020827e-14
Random-446,random,rv1_coarse,1002522,4089628,11699315.901401004,11236211.383647269,-463104.5177537352,-5.090937755829745,3.562969834725038e-07
Random-447,random,rv1_coarse,411387,4680763,12155621.586076628,11254592.801890554,-901028.7841860745,-6.494115004430839,8.352296632097023e-11
Random-448,random,rv1_coarse,13927,5078223,5087944.100124758,11344497.172948983,6256553.072824225,15.53677926063401,0.0
Random-449,random,rv1_coarse,1047859,4044291,11683399.432103988,11235143.816076016,-448255.61602797173,-5.006907053612313,5.531161901828341e-07
Random-450,random,rv1_coarse,791872,4300278,11708756.792548291,11257158.166462293,-451598.6260859985,-4.525804925783067,6.01660601184939e-06
Random-451,random,rv1_coarse,891348,4200802,11478015.466616984,11295424.096267525,-182591.37034945935,-1.8666984152178951,0.06194371518804975
Random-452,random,rv1_coarse,2154,5089996,7258897.606865135,11329107.25256793,4070209.645702795,3.642358708413289,0.0002701512641021253
Random-453,random,rv1_coarse,266538,4825612,11786904.01422397,11302004.479938235,-484899.53428573534,-3.0318109854374113,0.0024309137072258125
Random-454,random,rv1_coarse,695515,4396635,11659175.654637024,11274898.80537094,-384276.8492660839,-3.6483861811354963,0.00026389276620686353
Random-455,random,rv1_coarse,832035,4260115,10871616.231665919,11416400.978206644,544784.7465407252,5.717210862974873,1.0828671070939322e-08
Random-456,random,rv1_coarse,438256,4653894,11004251.295972787,11357815.005803544,353563.70983075723,2.8565940998851915,0.004282130528665995
Random-457,random,rv1_coarse,351120,4741030,12806403.998792578,11217849.642911114,-1588554.3558814637,-10.304650119414532,0.0
Random-458,random,rv1_coarse,1064246,4027904,11460217.681641454,11292288.852408286,-167928.8292331677,-1.8482235586188744,0.06457000869113583
Random-459,random,rv1_coarse,517,5091633,22914256.138539653,11326209.016667798,-11588047.121871855,-2.0051410040489244,0.044947974965801496
Random-460,random,rv1_coarse,528,5091622,22432129.488636363,11326233.97813446,-11105895.510501903,-1.9619807765066832,0.04976472237881158
Random-461,random,rv1_coarse,468,5091682,16506036.332264958,11326909.543758513,-5179126.788506445,-0.939083023023812,0.34768811992750637
Random-462,random,rv1_coarse,1212918,3879232,10937801.949467527,11449196.490347233,511394.5408797059,6.1548212453520454,7.516223199388605e-10
Random-463,random,rv1_coarse,14803,5077347,5941456.886732227,11343088.206949936,5401631.320217709,12.922360867772477,0.0
Random-464,random,rv1_coarse,16197,5075953,13212565.219918784,11321370.065034075,-1891195.154884709,-2.993793816040792,0.0027553207320338835
Random-465,random,rv1_coarse,171453,4920697,9801106.225964723,11380566.045587974,1579459.8196232505,7.408063475691907,1.2811973704174306e-13
Random-466,random,rv1_coarse,805795,4286355,11693057.144086575,11258642.665660614,-434414.478425961,-4.370402965405073,1.2401745697943056e-05
Random-467,random,rv1_coarse,1191309,3900841,11448178.147276027,11290495.71723987,-157682.43003615737,-1.806059414669058,0.07090905941312409
Random-468,random,rv1_coarse,719659,4372491,11956629.530351285,11223819.606124714,-732809.9242265709,-6.9940323124361266,2.6709745526432016e-12
Random-469,random,rv1_coarse,1271852,3820298,11744194.478398638,11188621.680519866,-555572.797878772,-6.564579613166202,5.217981602356758e-11
Random-470,random,rv1_coarse,2048,5090102,9214639.919647217,11328235.59960714,2113595.679959923,1.6300743313956088,0.10308578801654722
Random-471,random,rv1_coarse,23644,5068506,2833770.2436578684,11367007.280043842,8533237.036385974,44.61273249900677,0.0
Random-472,random,rv1_coarse,939465,4152685,11236293.951040931,11347993.254453989,111699.3034130577,1.16943231617923,0.24222949605957833
Random-473,random,rv1_coarse,818735,4273415,11411611.149152976,11311248.921620103,-100362.22753287293,-1.0404709515708854,0.2981211529660084
Random-474,random,rv1_coarse,1978,5090172,7732658.9175935285,11328782.419385424,3596123.5017918954,2.957277411280264,0.003103687455758619
Random-475,random,rv1_coarse,585,5091565,5078761.957799145,11328103.47876176,6249341.5209626155,2.360644924132389,0.018243188628868756
Random-476,random,rv1_coarse,24329,5067821,3136897.8647083347,11366705.468965154,8229807.60425682,38.606619982704316,0.0
Random-477,random,rv1_coarse,889,5091261,16712900.836965691,11326445.156856596,-5386455.680109095,-1.4921671693326355,0.13565532670197777
Random-478,random,rv1_coarse,311245,4780905,11714500.959561795,11302183.668871926,-412317.29068986885,-2.7543727119121093,0.005880475907028115
Random-479,random,rv1_coarse,960705,4131445,10862711.13859152,11435438.535472788,572727.3968812674,6.389941640988842,1.659490322936108e-10
Random-480,random,rv1_coarse,2446,5089704,8004511.747105946,11328982.437653253,3324470.690547307,3.0784260909766417,0.002080971413202848
Random-481,random,rv1_coarse,145616,4946534,11730988.081714395,11315504.291303769,-415483.7904106267,-1.97055096664151,0.048775259867889664
Random-482,random,rv1_coarse,1123980,3968170,11941210.874453861,11153520.153097846,-787690.7213560157,-8.902316600795501,0.0
Random-483,random,rv1_coarse,912032,4180118,10652983.347746149,11474528.842481317,821545.4947351683,9.116956383552546,0.0
Random-484,random,rv1_coarse,858825,4233325,11588368.454614209,11274439.294538666,-313929.16007554345,-3.2766476864340954,0.001050473583943612
Random-485,random,rv1_coarse,915827,4176323,11153354.471328419,11365548.857014569,212194.38568614982,2.2954641197275545,0.02170654038697739
Random-486,random,rv1_coarse,1094564,3997586,11278547.03692687,11340757.823761672,62210.78683480248,0.6933084153599223,0.4881160230204995
Random-487,random,rv1_coarse,1304326,3787824,11699860.777990408,11199124.789186038,-500735.98880437016,-5.988437323536326,2.1186674636908265e-09
Random-488,random,rv1_coarse,1090680,4001470,10990586.54245757,11419186.782472271,428600.2400147021,4.944615796435888,7.629418112831132e-07
Random-489,random,rv1_coarse,1055349,4036801,11470548.79371996,11289958.079599014,-180590.71412094682,-1.9796163045154753,0.04774665949920265
Random-490,random,rv1_coarse,1204084,3888066,11782600.958062472,11186411.18041701,-596189.7776454613,-6.956290700529799,3.4934277692855176e-12
Random-491,random,rv1_coarse,1251535,3840615,10994976.80865622,11435707.032432405,440730.2237761859,5.358210923444877,8.405008355971688e-08
Random-492,random,rv1_coarse,22040,5070110,2581370.263421553,11365404.86576842,8784034.602346867,42.28627053359427,0.0
Random-493,random,rv1_coarse,1160974,3931176,11490127.003185954,11279323.936956812,-210803.06622914225,-2.390069497895937,0.016845184867823715
Random-494,random,rv1_coarse,103002,4989148,12905918.051180057,11294796.404812865,-1611121.6463671923,-5.813560052105205,6.115801864936543e-09
Random-495,random,rv1_coarse,696311,4395839,12022304.877055053,11217308.717025317,-804996.1600297354,-7.550090138425806,4.3520742565306136e-14
Random-496,random,rv1_coarse,801064,4291086,11504690.945512362,11294285.995901978,-210404.94961038418,-2.099092055049109,0.035808786673684034
Random-497,random,rv1_coarse,255666,4836484,13088223.166752359,11234304.21778218,-1853918.9489701781,-10.149374771220653,0.0
Random-498,random,rv1_coarse,739346,4352804,11608960.554324295,11279558.582143713,-329401.9721805826,-3.236279282695697,0.0012109883787845277
Random-499,random,rv1_coarse,844086,4248064,11838110.503950235,11225905.005609522,-612205.4983407129,-6.229098578268574,4.691265154121993e-10
Mercury,planet,rv1_coarse,16426,5075724,13655562.2707971,11319851.11852552,-2335711.15227158,-2.9083860727897917,0.003632995223091129
Venus,planet,rv1_coarse,122758,4969392,8038222.591849368,11408637.140249087,3370414.5483997185,16.66230011156186,0.0
Mars,planet,rv1_coarse,158041,4934109,9562351.647890937,11383920.105494753,1821568.457603816,9.803794190646482,0.0
Jupiter,planet,rv1_coarse,2842,5089308,21943902.76785689,11321457.002193753,-10622445.765663136,-4.273009431032347,1.9285229671206494e-05
Saturn,planet,rv1_coarse,761741,4330409,11841009.487184657,11237036.468566692,-603973.0186179653,-5.942675782741398,2.8040669786122407e-09
Uranus,planet,rv1_coarse,71868,5020282,12613583.156387573,11308972.936242165,-1304610.220145408,-4.002518002278178,6.267189749387114e-05
Neptune,planet,rv1_coarse,682682,4409468,11587979.879680317,11287039.838902792,-300940.04077752493,-2.838617458066029,0.0045309440102361265
