event_type,pre_event_time,post_event_time,frequency_band,pre_median,post_median,dip_z_score,ttest_pvalue,target,data_col,analysis_mode
Ingress,1974-09-07 14:23:11.847,1974-09-07 14:23:17.581,1,493134.25,462646.625,4.018940678614645,0.0002258306464184839,Fornax-A,rv2_coarse,per_band
Ingress,1974-09-07 14:23:11.847,1974-09-07 14:23:17.581,2,2126389.0,2218885.0,-1.4624608129181347,0.256317143356793,Fornax-A,rv2_coarse,per_band
Ingress,1974-09-07 14:23:11.847,1974-09-07 14:23:17.581,3,1408601.0,1408601.0,0.0,0.6979588637854162,Fornax-A,rv2_coarse,per_band
Ingress,1974-09-07 14:23:11.847,1974-09-07 14:23:17.581,4,1109096.0,1109096.0,0.0,0.9827817812345958,Fornax-A,rv2_coarse,per_band
Ingress,1974-09-07 14:23:11.847,1974-09-07 14:23:17.581,5,4685045.0,4977369.0,-1.5630037677114297,0.12086427426779008,Fornax-A,rv2_coarse,per_band
Ingress,1974-09-07 14:23:11.847,1974-09-07 14:23:17.581,6,492164.0625,492164.0625,0.0,0.8336036265682738,Fornax-A,rv2_coarse,per_band
Ingress,1974-09-07 14:23:11.847,1974-09-07 14:23:17.581,7,386201.9375,410111.6875,-2.7889030671500046,0.40452316124709986,Fornax-A,rv2_coarse,per_band
Ingress,1974-09-07 14:23:11.847,1974-09-07 14:23:17.581,8,810825.5625,773748.5,0.896298382130102,0.4340867853786746,Fornax-A,rv2_coarse,per_band
Ingress,1974-09-07 14:23:11.847,1974-09-07 14:23:17.581,9,663156.53125,727827.28125,-0.23384254555149625,0.597467931582434,Fornax-A,rv2_coarse,per_band
Ingress,1974-09-07 21:47:09.265,1974-09-07 21:47:11.190,1,1000930.1875,851158.0625,0.6001698660204393,0.208686329534089,Fornax-A,rv2_coarse,per_band
Ingress,1974-09-07 21:47:09.265,1974-09-07 21:47:11.190,2,2505936.0,2403440.0,1.1853397398375178,0.2874054394860821,Fornax-A,rv2_coarse,per_band
Ingress,1974-09-07 21:47:09.265,1974-09-07 21:47:11.190,3,1349088.0,1332247.0,0.5077528269239254,0.9445286105099338,Fornax-A,rv2_coarse,per_band
Ingress,1974-09-07 21:47:09.265,1974-09-07 21:47:11.190,4,1106469.0,1106469.0,0.0,0.5621360980884497,Fornax-A,rv2_coarse,per_band
Ingress,1974-09-07 21:47:09.265,1974-09-07 21:47:11.190,5,4678116.0,4971634.0,-1.3757245086722816,0.22448913019692734,Fornax-A,rv2_coarse,per_band
Ingress,1974-09-07 21:47:09.265,1974-09-07 21:47:11.190,6,1483430.0,3045865.0,-5.1190514316268265,0.005869327483827267,Fornax-A,rv2_coarse,per_band
Ingress,1974-09-07 21:47:09.265,1974-09-07 21:47:11.190,7,528601.9375,440535.1875,3.9330052440272936,0.009623003210293744,Fornax-A,rv2_coarse,per_band
Ingress,1974-09-07 21:47:09.265,1974-09-07 21:47:11.190,8,902284.875,948802.0,-0.06454139773504089,0.5825118056084699,Fornax-A,rv2_coarse,per_band
Ingress,1974-09-07 21:47:09.265,1974-09-07 21:47:11.190,9,1592194.0,1031892.0,1.9184066323976705,0.11034518206065592,Fornax-A,rv2_coarse,per_band
Ingress,1974-09-08 01:29:06.109,1974-09-08 01:29:08.034,1,4148012.5,18480986.0,,,Fornax-A,rv2_coarse,per_band
Ingress,1974-09-08 01:29:06.109,1974-09-08 01:29:08.034,2,3330862.0,2832916.0,1.8116719325949049,0.9229291120306383,Fornax-A,rv2_coarse,per_band
Ingress,1974-09-08 01:29:06.109,1974-09-08 01:29:08.034,3,1842619.0,1625199.0,0.9517674921834315,0.46000545753188593,Fornax-A,rv2_coarse,per_band
Ingress,1974-09-08 01:29:06.109,1974-09-08 01:29:08.034,4,1417497.0,1197797.0,4.013956851424118,0.009660269029763772,Fornax-A,rv2_coarse,per_band
Ingress,1974-09-08 01:29:06.109,1974-09-08 01:29:08.034,5,5334375.0,6283709.0,-2.081802982280255,0.21861432308007422,Fornax-A,rv2_coarse,per_band
Ingress,1974-09-08 01:29:06.109,1974-09-08 01:29:08.034,6,1629221.0,3695662.0,-2.2288413818002635,0.018131523431946465,Fornax-A,rv2_coarse,per_band
Ingress,1974-09-08 01:29:06.109,1974-09-08 01:29:08.034,7,563064.75,499062.8125,2.862540918096368,0.055188738952417174,Fornax-A,rv2_coarse,per_band
Ingress,1974-09-08 01:29:06.109,1974-09-08 01:29:08.034,8,1124495.0,854452.75,2.6309116931249257,0.0029785110234596037,Fornax-A,rv2_coarse,per_band
Ingress,1974-09-08 01:29:06.109,1974-09-08 01:29:08.034,9,977796.125,515718.0625,4.235113529756792,0.002742730825176592,Fornax-A,rv2_coarse,per_band
Egress,1974-09-08 02:15:12.770,1974-09-08 02:15:14.695,1,9541991.0,,,,Fornax-A,rv2_coarse,per_band
Egress,1974-09-08 02:15:12.770,1974-09-08 02:15:14.695,2,3515582.0,3910715.0,2.1777868403237193,0.2951099654876363,Fornax-A,rv2_coarse,per_band
Egress,1974-09-08 02:15:12.770,1974-09-08 02:15:14.695,3,1804382.0,1890537.0,0.6230184139498323,0.7176455087132317,Fornax-A,rv2_coarse,per_band
Egress,1974-09-08 02:15:12.770,1974-09-08 02:15:14.695,4,1444112.0,1409038.0,-0.9194507699496123,0.41313352293964056,Fornax-A,rv2_coarse,per_band
Egress,1974-09-08 02:15:12.770,1974-09-08 02:15:14.695,5,5311430.0,4920395.0,-2.4175506133938702,0.14003525554826435,Fornax-A,rv2_coarse,per_band
Egress,1974-09-08 02:15:12.770,1974-09-08 02:15:14.695,6,2994908.0,4445261.0,1.0970594047510709,0.2890156207734845,Fornax-A,rv2_coarse,per_band
Egress,1974-09-08 02:15:12.770,1974-09-08 02:15:14.695,7,413214.3125,413214.3125,0.0,0.5941851819099169,Fornax-A,rv2_coarse,per_band
Egress,1974-09-08 02:15:12.770,1974-09-08 02:15:14.695,8,786234.4375,698618.125,-0.5422437905846786,0.4550780915932128,Fornax-A,rv2_coarse,per_band
Egress,1974-09-08 02:15:12.770,1974-09-08 02:15:14.695,9,777403.625,867156.375,0.0031053765222270996,0.3597593605443407,Fornax-A,rv2_coarse,per_band
Ingress,1974-09-08 05:11:04.846,1974-09-08 05:11:06.771,1,449773824.0,451888256.0,-0.0198281231342382,0.8306270825023764,Fornax-A,rv2_coarse,per_band
Ingress,1974-09-08 05:11:04.846,1974-09-08 05:11:06.771,2,3334962.0,3515582.0,-1.4617112609965082,0.6914766091882293,Fornax-A,rv2_coarse,per_band
Ingress,1974-09-08 05:11:04.846,1974-09-08 05:11:06.771,3,1400336.0,1442026.0,-1.1351699264612094,0.7419712472958677,Fornax-A,rv2_coarse,per_band
Ingress,1974-09-08 05:11:04.846,1974-09-08 05:11:06.771,4,1177518.0,1011434.75,5.857578100306578,3.87298637465308e-05,Fornax-A,rv2_coarse,per_band
Ingress,1974-09-08 05:11:04.846,1974-09-08 05:11:06.771,5,4386008.0,4525144.0,-1.0801537731456545,0.8915631623726286,Fornax-A,rv2_coarse,per_band
Ingress,1974-09-08 05:11:04.846,1974-09-08 05:11:06.771,6,635428.5,850935.90625,-1.5761019402611383,0.4920181132675908,Fornax-A,rv2_coarse,per_band
Ingress,1974-09-08 05:11:04.846,1974-09-08 05:11:06.771,7,436134.75,394115.5625,2.8681965537592187,0.1961694028077633,Fornax-A,rv2_coarse,per_band
Ingress,1974-09-08 05:11:04.846,1974-09-08 05:11:06.771,8,677960.0625,677960.0625,0.0,0.7002690645152356,Fornax-A,rv2_coarse,per_band
Ingress,1974-09-08 05:11:04.846,1974-09-08 05:11:06.771,9,901772.9375,681910.3125,1.7850967117234364,0.1695569248471228,Fornax-A,rv2_coarse,per_band
Ingress,1974-09-08 08:53:01.686,1974-09-08 08:53:03.611,1,414344704.0,240700948480.0,,,Fornax-A,rv2_coarse,per_band
Ingress,1974-09-08 08:53:01.686,1974-09-08 08:53:03.611,2,2856173.0,2856173.0,0.0,0.4177998777789317,Fornax-A,rv2_coarse,per_band
Ingress,1974-09-08 08:53:01.686,1974-09-08 08:53:03.611,3,1583763.0,1687271.0,-1.59096876400533,0.18346221626662493,Fornax-A,rv2_coarse,per_band
Ingress,1974-09-08 08:53:01.686,1974-09-08 08:53:03.611,4,1290830.0,1235224.0,0.6329878800311378,0.13388443728215021,Fornax-A,rv2_coarse,per_band
Ingress,1974-09-08 08:53:01.686,1974-09-08 08:53:03.611,5,4678116.0,4971634.0,-2.9692210335586697,0.046891260181187715,Fornax-A,rv2_coarse,per_band
Ingress,1974-09-08 08:53:01.686,1974-09-08 08:53:03.611,6,464923.125,490987.375,-2.048183550494812,0.09533766572939228,Fornax-A,rv2_coarse,per_band
Ingress,1974-09-08 08:53:01.686,1974-09-08 08:53:03.611,7,388822.125,413871.75,,,Fornax-A,rv2_coarse,per_band
Ingress,1974-09-08 08:53:01.686,1974-09-08 08:53:03.611,8,,779711.5,,,Fornax-A,rv2_coarse,per_band
Ingress,1974-09-08 08:53:01.686,1974-09-08 08:53:03.611,9,622590.96875,500641.625,,,Fornax-A,rv2_coarse,per_band
Egress,1974-09-08 09:39:06.432,1974-09-08 09:39:08.357,1,1063115.0,992569.96875,-0.012667529554330183,0.3215535224141434,Fornax-A,rv2_coarse,per_band
Egress,1974-09-08 09:39:06.432,1974-09-08 09:39:08.357,2,3328150.0,3150684.0,-2.1054338242217843,0.0395899396083245,Fornax-A,rv2_coarse,per_band
Egress,1974-09-08 09:39:06.432,1974-09-08 09:39:08.357,3,1956203.0,1837557.0,-2.0217663732172735,0.3582234229426979,Fornax-A,rv2_coarse,per_band
Egress,1974-09-08 09:39:06.432,1974-09-08 09:39:08.357,4,1611449.0,1611449.0,0.0,0.5780209769159331,Fornax-A,rv2_coarse,per_band
Egress,1974-09-08 09:39:06.432,1974-09-08 09:39:08.357,5,4931740.0,4931740.0,0.0,0.4196359510273747,Fornax-A,rv2_coarse,per_band
Egress,1974-09-08 09:39:06.432,1974-09-08 09:39:08.357,6,439075.1875,439075.1875,0.0,0.8391818280735562,Fornax-A,rv2_coarse,per_band
Egress,1974-09-08 09:39:06.432,1974-09-08 09:39:08.357,7,407665.9375,407665.9375,0.0,0.3616362699337242,Fornax-A,rv2_coarse,per_band
Egress,1974-09-08 09:39:06.432,1974-09-08 09:39:08.357,8,692651.5,692651.5,0.0,0.9084365021742797,Fornax-A,rv2_coarse,per_band
Egress,1974-09-08 09:39:06.432,1974-09-08 09:39:08.357,9,828663.21875,639651.0625,-2.002423020195337,0.4136831943566367,Fornax-A,rv2_coarse,per_band
Ingress,1974-09-08 12:34:58.512,1974-09-08 12:35:00.437,1,122636968.0,45491744.0,0.7553788949687763,0.1553220134027013,Fornax-A,rv2_coarse,per_band
Ingress,1974-09-08 12:34:58.512,1974-09-08 12:35:00.437,2,2986357.0,2828279.0,1.9395039062404236,0.01674134407945049,Fornax-A,rv2_coarse,per_band
Ingress,1974-09-08 12:34:58.512,1974-09-08 12:35:00.437,3,1674992.0,1389392.0,5.743951940269201,0.0003570527812117669,Fornax-A,rv2_coarse,per_band
Ingress,1974-09-08 12:34:58.512,1974-09-08 12:35:00.437,4,1142063.0,1142063.0,0.0,0.49656125425401765,Fornax-A,rv2_coarse,per_band
Ingress,1974-09-08 12:34:58.512,1974-09-08 12:35:00.437,5,4636747.0,4636747.0,0.0,0.44561279708573187,Fornax-A,rv2_coarse,per_band
Ingress,1974-09-08 12:34:58.512,1974-09-08 12:35:00.437,6,461072.8125,461072.8125,0.0,0.8768822576979968,Fornax-A,rv2_coarse,per_band
Ingress,1974-09-08 12:34:58.512,1974-09-08 12:35:00.437,7,404918.0,437162.375,-1.6753409680337714,0.17550561170451218,Fornax-A,rv2_coarse,per_band
Ingress,1974-09-08 12:34:58.512,1974-09-08 12:35:00.437,8,963597.5625,689688.625,3.6224438986169165,0.07533937370873497,Fornax-A,rv2_coarse,per_band
Ingress,1974-09-08 12:34:58.512,1974-09-08 12:35:00.437,9,431052.46875,792290.625,-5.356343665873247,0.013439462593240222,Fornax-A,rv2_coarse,per_band
Egress,1974-09-08 13:21:03.265,1974-09-08 13:21:05.190,1,1052398.0,790408.4375,-9.98883680448702,4.5575133598172817e-08,Fornax-A,rv2_coarse,per_band
Egress,1974-09-08 13:21:03.265,1974-09-08 13:21:05.190,2,3140400.0,2968092.0,-1.507358684853164,0.1941027212720181,Fornax-A,rv2_coarse,per_band
Egress,1974-09-08 13:21:03.265,1974-09-08 13:21:05.190,3,1827468.0,1885143.0,1.1660861569919132,0.8664665343988975,Fornax-A,rv2_coarse,per_band
Egress,1974-09-08 13:21:03.265,1974-09-08 13:21:05.190,4,1475250.0,1439606.0,-1.1003758965020864,0.3547166909675541,Fornax-A,rv2_coarse,per_band
Egress,1974-09-08 13:21:03.265,1974-09-08 13:21:05.190,5,4909085.0,4909085.0,0.0,0.9111848462101935,Fornax-A,rv2_coarse,per_band
Egress,1974-09-08 13:21:03.265,1974-09-08 13:21:05.190,6,457889.3125,448149.8125,-0.8487457212786813,0.8321864818092954,Fornax-A,rv2_coarse,per_band
Egress,1974-09-08 13:21:03.265,1974-09-08 13:21:05.190,7,418839.0,418839.0,0.0,0.9405697000994833,Fornax-A,rv2_coarse,per_band
Egress,1974-09-08 13:21:03.265,1974-09-08 13:21:05.190,8,1150617.0,1150617.0,0.0,0.7927705655493273,Fornax-A,rv2_coarse,per_band
Egress,1974-09-08 13:21:03.265,1974-09-08 13:21:05.190,9,533296.75,554754.5,0.19464571974965697,0.871835084875498,Fornax-A,rv2_coarse,per_band
Ingress,1974-09-08 19:58:52.210,1974-09-08 19:58:54.135,1,4228281.0,4228281.0,0.0,0.558081634710719,Fornax-A,rv2_coarse,per_band
Ingress,1974-09-08 19:58:52.210,1974-09-08 19:58:54.135,2,4118246.0,5772941.0,-4.331962698709561,0.0001719131845093419,Fornax-A,rv2_coarse,per_band
Ingress,1974-09-08 19:58:52.210,1974-09-08 19:58:54.135,3,1959095.0,1755813.0,3.342921268623272,0.0018263822202823732,Fornax-A,rv2_coarse,per_band
Ingress,1974-09-08 19:58:52.210,1974-09-08 19:58:54.135,4,1280924.0,1168574.0,3.044851396246376,0.004251350159074731,Fornax-A,rv2_coarse,per_band
Ingress,1974-09-08 19:58:52.210,1974-09-08 19:58:54.135,5,7363109.0,4937406.0,4.423456486787641,0.001352484486028835,Fornax-A,rv2_coarse,per_band
Ingress,1974-09-08 19:58:52.210,1974-09-08 19:58:54.135,6,740176.0,1002483.75,-2.9096601228032943,0.16727428549703538,Fornax-A,rv2_coarse,per_band
Ingress,1974-09-08 19:58:52.210,1974-09-08 19:58:54.135,7,505578.25,653400.8125,-3.4506189582157636,0.036766936069964534,Fornax-A,rv2_coarse,per_band
Ingress,1974-09-08 19:58:52.210,1974-09-08 19:58:54.135,8,231060.8125,1077232.0,-0.2957016099277362,0.4786351288710169,Fornax-A,rv2_coarse,per_band
Ingress,1974-09-08 19:58:52.210,1974-09-08 19:58:54.135,9,484617.625,574200.3125,-1.5411437448989886,0.224129521720461,Fornax-A,rv2_coarse,per_band
Egress,1974-09-08 20:44:56.949,1974-09-08 20:44:58.874,1,1220712.0,1826454.0,0.7074043846364002,0.5459177681649952,Fornax-A,rv2_coarse,per_band
Egress,1974-09-08 20:44:56.949,1974-09-08 20:44:58.874,2,59536464.0,66478560.0,3.6919837619006586,0.04338297235044103,Fornax-A,rv2_coarse,per_band
Egress,1974-09-08 20:44:56.949,1974-09-08 20:44:58.874,3,2066028.0,1882450.0,-4.239311220721954,0.024817691428044644,Fornax-A,rv2_coarse,per_band
Egress,1974-09-08 20:44:56.949,1974-09-08 20:44:58.874,4,1509985.0,1548823.0,0.770457046711616,0.3506888270731786,Fornax-A,rv2_coarse,per_band
Egress,1974-09-08 20:44:56.949,1974-09-08 20:44:58.874,5,5294291.0,4903428.0,-2.7703984184595654,0.0571952250108967,Fornax-A,rv2_coarse,per_band
Egress,1974-09-08 20:44:56.949,1974-09-08 20:44:58.874,6,2098263.0,943833.40625,-1.3215238611153002,0.7567224341283291,Fornax-A,rv2_coarse,per_band
Egress,1974-09-08 20:44:56.949,1974-09-08 20:44:58.874,7,601033.5625,702865.21875,1.976374713538374,0.16442757527951554,Fornax-A,rv2_coarse,per_band
Egress,1974-09-08 20:44:56.949,1974-09-08 20:44:58.874,8,1365779.0,854803.1875,-1.6293373429231108,0.07154686439032173,Fornax-A,rv2_coarse,per_band
Egress,1974-09-08 20:44:56.949,1974-09-08 20:44:58.874,9,729146.875,869124.3125,0.14618507417947724,0.4813149775379253,Fornax-A,rv2_coarse,per_band
Ingress,1974-09-09 03:22:45.862,1974-09-09 03:22:47.787,1,121030976.0,23044240.0,5.989796316895957,0.0005319562407313489,Fornax-A,rv2_coarse,per_band
Ingress,1974-09-09 03:22:45.862,1974-09-09 03:22:47.787,2,3899985.0,3702795.0,1.2466890278427585,0.06279364481575413,Fornax-A,rv2_coarse,per_band
Ingress,1974-09-09 03:22:45.862,1974-09-09 03:22:47.787,3,2238042.0,3553086.5,-2.479399313402527,0.002760577364458371,Fornax-A,rv2_coarse,per_band
Ingress,1974-09-09 03:22:45.862,1974-09-09 03:22:47.787,4,1356207.0,1305775.0,0.9472122452454376,0.8132514779847986,Fornax-A,rv2_coarse,per_band
Ingress,1974-09-09 03:22:45.862,1974-09-09 03:22:47.787,5,5357434.0,4965928.0,1.6946045364780509,0.2945404627179272,Fornax-A,rv2_coarse,per_band
Ingress,1974-09-09 03:22:45.862,1974-09-09 03:22:47.787,6,545175.625,575159.4375,-1.2030694525176044,0.2768483466133888,Fornax-A,rv2_coarse,per_band
Ingress,1974-09-09 03:22:45.862,1974-09-09 03:22:47.787,7,391460.8125,417665.125,-2.4800919996280006,0.10352542082891525,Fornax-A,rv2_coarse,per_band
Ingress,1974-09-09 03:22:45.862,1974-09-09 03:22:47.787,8,746330.25,1008526.9375,-3.0902365217282117,0.03370609805403259,Fornax-A,rv2_coarse,per_band
Ingress,1974-09-09 03:22:45.862,1974-09-09 03:22:47.787,9,624227.8125,812557.78125,-0.7786584531010701,0.48218550018929607,Fornax-A,rv2_coarse,per_band
Ingress,1974-09-09 18:10:33.177,1974-09-09 18:10:35.102,1,1951431.0,2101738.0,-0.9862498953803175,0.6824318207648395,Fornax-A,rv2_coarse,per_band
Ingress,1974-09-09 18:10:33.177,1974-09-09 18:10:35.102,2,4109764.0,4109764.0,0.0,0.6207701606441343,Fornax-A,rv2_coarse,per_band
Ingress,1974-09-09 18:10:33.177,1974-09-09 18:10:35.102,3,1792781.0,1792781.0,0.0,0.8334778150350216,Fornax-A,rv2_coarse,per_band
Ingress,1974-09-09 18:10:33.177,1974-09-09 18:10:35.102,4,1177811.5,,,,Fornax-A,rv2_coarse,per_band
Ingress,1974-09-09 18:10:33.177,1974-09-09 18:10:35.102,5,4960206.0,5800866.0,,,Fornax-A,rv2_coarse,per_band
Ingress,1974-09-09 18:10:33.177,1974-09-09 18:10:35.102,6,488643.3125,488643.3125,0.0,0.35911072679959155,Fornax-A,rv2_coarse,per_band
Ingress,1974-09-09 18:10:33.177,1974-09-09 18:10:35.102,7,450776.25,394115.5625,4.003135908877322,0.21313076218542526,Fornax-A,rv2_coarse,per_band
Ingress,1974-09-09 18:10:33.177,1974-09-09 18:10:35.102,8,,922275.375,,,Fornax-A,rv2_coarse,per_band
Ingress,1974-09-09 18:10:33.177,1974-09-09 18:10:35.102,9,366446.3125,553961.0625,-3.970165267559641,0.0045699568525463495,Fornax-A,rv2_coarse,per_band
Egress,1974-09-09 18:56:36.020,1974-09-09 18:56:37.945,1,4057110.0,2837212.0,-4.738058670282233,0.0025544361577496833,Fornax-A,rv2_coarse,per_band
Egress,1974-09-09 18:56:36.020,1974-09-09 18:56:37.945,2,16557927.0,6962865.0,-6.8018632187559955,0.0006404286414645697,Fornax-A,rv2_coarse,per_band
Egress,1974-09-09 18:56:36.020,1974-09-09 18:56:37.945,3,5174611.0,3581487.0,-2.141989763168711,0.025484689374245223,Fornax-A,rv2_coarse,per_band
Egress,1974-09-09 18:56:36.020,1974-09-09 18:56:37.945,4,2472598.0,2228014.0,-1.0386121861025437,0.13572874089100656,Fornax-A,rv2_coarse,per_band
Egress,1974-09-09 18:56:36.020,1974-09-09 18:56:37.945,5,5311430.0,5311430.0,0.0,0.9970616152169547,Fornax-A,rv2_coarse,per_band
Egress,1974-09-09 18:56:36.020,1974-09-09 18:56:37.945,6,459159.1875,459159.1875,0.0,0.4618500413485662,Fornax-A,rv2_coarse,per_band
Egress,1974-09-09 18:56:36.020,1974-09-09 18:56:37.945,7,431255.5625,413214.3125,-0.8129290962821764,0.5544941352557802,Fornax-A,rv2_coarse,per_band
Egress,1974-09-09 18:56:36.020,1974-09-09 18:56:37.945,8,739696.4375,1171191.0,0.002644150965121914,0.3570195097126592,Fornax-A,rv2_coarse,per_band
Egress,1974-09-09 18:56:36.020,1974-09-09 18:56:37.945,9,1501435.5,477722.875,,,Fornax-A,rv2_coarse,per_band
Egress,1974-09-10 00:15:44.047,1974-09-10 00:18:07.811,1,1807645.0,1110080.34375,-2.8081650971899133,0.018104023479736168,Fornax-A,rv2_coarse,per_band
Egress,1974-09-10 00:15:44.047,1974-09-10 00:18:07.811,2,3704070.0,4359216.0,3.7273500308521523,0.014615709605251557,Fornax-A,rv2_coarse,per_band
Egress,1974-09-10 00:15:44.047,1974-09-10 00:18:07.811,3,1527393.0,2882755.0,18.336937931447853,3.1529097043857453e-07,Fornax-A,rv2_coarse,per_band
Egress,1974-09-10 00:15:44.047,1974-09-10 00:18:07.811,4,1201999.0,2526053.0,37.00921920354,5.837084330580109e-13,Fornax-A,rv2_coarse,per_band
Egress,1974-09-10 00:15:44.047,1974-09-10 00:18:07.811,5,4954490.0,5763490.0,4.3430066976425525,0.002163427301316502,Fornax-A,rv2_coarse,per_band
Egress,1974-09-10 00:15:44.047,1974-09-10 00:18:07.811,6,487475.5,849214.5625,4.467893209753739,0.0030955232788734905,Fornax-A,rv2_coarse,per_band
Egress,1974-09-10 00:15:44.047,1974-09-10 00:18:07.811,7,484904.5,2325398.0,7.177692682246258,0.0003091105327990537,Fornax-A,rv2_coarse,per_band
Egress,1974-09-10 00:15:44.047,1974-09-10 00:18:07.811,8,552120.375,801741.5,2.983027320107886,0.0253273584363552,Fornax-A,rv2_coarse,per_band
Egress,1974-09-10 00:15:44.047,1974-09-10 00:18:07.811,9,659998.46875,781237.1875,0.0012466195444886395,0.3339404246216574,Fornax-A,rv2_coarse,per_band
Ingress,1974-09-10 01:34:34.627,1974-09-10 01:34:36.552,1,8809755.0,10992992.0,-4.5170163303029724,0.004881680774595762,Fornax-A,rv2_coarse,per_band
Ingress,1974-09-10 01:34:34.627,1974-09-10 01:34:36.552,2,18151504.0,14662796.0,3.5494964134689213,0.0006975463547688669,Fornax-A,rv2_coarse,per_band
Ingress,1974-09-10 01:34:34.627,1974-09-10 01:34:36.552,3,3729527.0,2648487.0,6.616644600039621,0.00010000981556717835,Fornax-A,rv2_coarse,per_band
Ingress,1974-09-10 01:34:34.627,1974-09-10 01:34:36.552,4,1786822.0,1906337.0,-1.9089821456425267,0.23899509439691435,Fornax-A,rv2_coarse,per_band
Ingress,1974-09-10 01:34:34.627,1974-09-10 01:34:36.552,5,10865915.0,8413257.0,6.381453834057071,6.181591480654118e-05,Fornax-A,rv2_coarse,per_band
Ingress,1974-09-10 01:34:34.627,1974-09-10 01:34:36.552,6,565892.5625,486310.9375,,,Fornax-A,rv2_coarse,per_band
Ingress,1974-09-10 01:34:34.627,1974-09-10 01:34:36.552,7,491931.75,,,,Fornax-A,rv2_coarse,per_band
Ingress,1974-09-10 01:34:34.627,1974-09-10 01:34:36.552,8,942712.3125,1682536.0,,,Fornax-A,rv2_coarse,per_band
Ingress,1974-09-10 01:34:34.627,1974-09-10 01:34:36.552,9,845270.75,625354.0,0.06901873029838405,0.19330374163358818,Fornax-A,rv2_coarse,per_band
Egress,1974-09-10 02:20:47.032,1974-09-10 02:20:48.957,1,2857314.0,2550280.0,-4.509652413705694,0.00116067738731996,Fornax-A,rv2_coarse,per_band
Egress,1974-09-10 02:20:47.032,1974-09-10 02:20:48.957,2,5171811.0,5485476.0,0.7441765271998056,0.4722095354873572,Fornax-A,rv2_coarse,per_band
Egress,1974-09-10 02:20:47.032,1974-09-10 02:20:48.957,3,3207447.0,3008672.0,-1.8486648407850637,0.589230328089656,Fornax-A,rv2_coarse,per_band
Egress,1974-09-10 02:20:47.032,1974-09-10 02:20:48.957,4,2444471.0,2149147.0,-2.708845324154321,0.02474912351646671,Fornax-A,rv2_coarse,per_band
Egress,1974-09-10 02:20:47.032,1974-09-10 02:20:48.957,5,5759770.0,6528857.5,,,Fornax-A,rv2_coarse,per_band
Egress,1974-09-10 02:20:47.032,1974-09-10 02:20:48.957,6,475950.25,517096.0625,,,Fornax-A,rv2_coarse,per_band
Egress,1974-09-10 02:20:47.032,1974-09-10 02:20:48.957,7,511504.6875,511504.6875,0.0,0.65433273941026,Fornax-A,rv2_coarse,per_band
Egress,1974-09-10 02:20:47.032,1974-09-10 02:20:48.957,8,1963678.0,1341388.0,-2.84100688539297,0.07680403241962572,Fornax-A,rv2_coarse,per_band
Egress,1974-09-10 02:20:47.032,1974-09-10 02:20:48.957,9,441274.0,319877.5625,-0.2662520105559762,0.699404819897891,Fornax-A,rv2_coarse,per_band
Ingress,1974-09-10 12:40:19.366,1974-09-10 12:40:21.291,1,23401072.0,11659915.0,2.6912618744498835,0.006124734084052746,Fornax-A,rv2_coarse,per_band
Ingress,1974-09-10 12:40:19.366,1974-09-10 12:40:21.291,2,14561349.0,11144999.0,3.381649480833167,0.007857377592315,Fornax-A,rv2_coarse,per_band
Ingress,1974-09-10 12:40:19.366,1974-09-10 12:40:21.291,3,5453371.0,3444532.0,0.6995897991045528,0.24646493695727956,Fornax-A,rv2_coarse,per_band
Ingress,1974-09-10 12:40:19.366,1974-09-10 12:40:21.291,4,1681346.0,1520061.5,2.626218208103912,0.027871152760640033,Fornax-A,rv2_coarse,per_band
Ingress,1974-09-10 12:40:19.366,1974-09-10 12:40:21.291,5,8060510.5,5800866.0,5.564748693220473,0.00016674951401872767,Fornax-A,rv2_coarse,per_band
Ingress,1974-09-10 12:40:19.366,1974-09-10 12:40:21.291,6,628802.03125,488643.3125,5.223219902728721,0.0002188675590096789,Fornax-A,rv2_coarse,per_band
Ingress,1974-09-10 12:40:19.366,1974-09-10 12:40:21.291,7,477976.6875,450776.25,2.475652508184711,0.02635886275445259,Fornax-A,rv2_coarse,per_band
Ingress,1974-09-10 12:40:19.366,1974-09-10 12:40:21.291,8,865429.6875,1021907.0625,-1.6415553930677789,0.11650105251553627,Fornax-A,rv2_coarse,per_band
Ingress,1974-09-10 12:40:19.366,1974-09-10 12:40:21.291,9,964135.3125,757027.21875,1.3890271505151153,0.5479968951647027,Fornax-A,rv2_coarse,per_band
Egress,1974-09-10 13:25:15.028,1974-09-10 13:26:35.636,1,46997440.0,8874898.0,-19.48504986324111,1.7117644842302232e-07,Fornax-A,rv2_coarse,per_band
Egress,1974-09-10 13:25:15.028,1974-09-10 13:26:35.636,2,12340302.5,10402240.0,-2.663589453873439,0.01833802178705775,Fornax-A,rv2_coarse,per_band
Egress,1974-09-10 13:25:15.028,1974-09-10 13:26:35.636,3,4105584.0,11325518.0,22.542923151305104,9.29644854314503e-08,Fornax-A,rv2_coarse,per_band
Egress,1974-09-10 13:25:15.028,1974-09-10 13:26:35.636,4,2456860.0,3852388.0,6.388229934300524,0.0029333988946980776,Fornax-A,rv2_coarse,per_band
Egress,1974-09-10 13:25:15.028,1974-09-10 13:26:35.636,5,5328629.0,7269681.0,7.543376401172341,2.1152607454415104e-05,Fornax-A,rv2_coarse,per_band
Egress,1974-09-10 13:25:15.028,1974-09-10 13:26:35.636,6,483989.75,480527.9375,-0.2777326818360354,0.3789899627044446,Fornax-A,rv2_coarse,per_band
Egress,1974-09-10 13:25:15.028,1974-09-10 13:26:35.636,7,437162.375,528632.1875,5.9704766751338765,0.000272391075718249,Fornax-A,rv2_coarse,per_band
Egress,1974-09-10 13:25:15.028,1974-09-10 13:26:35.636,8,771025.0625,1120683.0,4.236904584729952,0.006209954126127022,Fornax-A,rv2_coarse,per_band
Egress,1974-09-10 13:25:15.028,1974-09-10 13:26:35.636,9,479676.75,460796.71875,-0.13080817980836124,0.48642187318076857,Fornax-A,rv2_coarse,per_band
Ingress,1974-09-10 16:22:16.253,1974-09-10 16:22:18.178,1,21789248.0,10849182.0,18.461967379220525,3.510549531237029e-09,Fornax-A,rv2_coarse,per_band
Ingress,1974-09-10 16:22:16.253,1974-09-10 16:22:18.178,2,51178192.0,33171936.0,13.912813781798526,6.909326527646147e-08,Fornax-A,rv2_coarse,per_band
Ingress,1974-09-10 16:22:16.253,1974-09-10 16:22:18.178,3,15039401.0,11706434.5,,,Fornax-A,rv2_coarse,per_band
Ingress,1974-09-10 16:22:16.253,1974-09-10 16:22:18.178,4,4762751.0,,,,Fornax-A,rv2_coarse,per_band
Ingress,1974-09-10 16:22:16.253,1974-09-10 16:22:18.178,5,80649952.0,10966856.0,,,Fornax-A,rv2_coarse,per_band
Ingress,1974-09-10 16:22:16.253,1974-09-10 16:22:18.178,6,19912416.0,861932.375,6.269827511645451,0.0006384902093823256,Fornax-A,rv2_coarse,per_band
Ingress,1974-09-10 16:22:16.253,1974-09-10 16:22:18.178,7,6863963.0,660639.0,6.614330295856029,0.0017351024642603876,Fornax-A,rv2_coarse,per_band
Ingress,1974-09-10 16:22:16.253,1974-09-10 16:22:18.178,8,2703536.0,776062.875,0.16840377850882388,0.4365975068436127,Fornax-A,rv2_coarse,per_band
Ingress,1974-09-10 16:22:16.253,1974-09-10 16:22:18.178,9,1233630.0,1918681.9375,,,Fornax-A,rv2_coarse,per_band
Egress,1974-09-10 17:08:28.702,1974-09-10 17:08:34.437,1,5792637.5,4566903.0,-2.1864966206463974,0.0226949941735749,Fornax-A,rv2_coarse,per_band
Egress,1974-09-10 17:08:28.702,1974-09-10 17:08:34.437,2,13663684.0,12495909.0,,,Fornax-A,rv2_coarse,per_band
Egress,1974-09-10 17:08:28.702,1974-09-10 17:08:34.437,3,5130297.0,3957511.0,-6.81849886195199,8.030023399121958e-05,Fornax-A,rv2_coarse,per_band
Egress,1974-09-10 17:08:28.702,1974-09-10 17:08:34.437,4,2706195.0,2013102.0,-6.1486650093405615,0.0037804906843731776,Fornax-A,rv2_coarse,per_band
Egress,1974-09-10 17:08:28.702,1974-09-10 17:08:34.437,5,5763490.0,6783407.0,,,Fornax-A,rv2_coarse,per_band
Egress,1974-09-10 17:08:28.702,1974-09-10 17:08:34.437,6,467172.4375,477090.4375,0.793182973818474,0.7507739461080349,Fornax-A,rv2_coarse,per_band
Egress,1974-09-10 17:08:28.702,1974-09-10 17:08:34.437,7,461764.5625,461764.5625,0.0,1.0,Fornax-A,rv2_coarse,per_band
Egress,1974-09-10 17:08:28.702,1974-09-10 17:08:34.437,8,666144.0625,707661.3125,0.7345078962423038,0.5875717531105655,Fornax-A,rv2_coarse,per_band
Egress,1974-09-10 17:08:28.702,1974-09-10 17:08:34.437,9,164416.03125,847944.0625,0.3281385609829906,0.2893091099120391,Fornax-A,rv2_coarse,per_band
Ingress,1974-09-10 20:04:11.180,1974-09-10 20:04:13.105,1,3296967.0,2781927.0,4.901435763600298,0.0025309232496545657,Fornax-A,rv2_coarse,per_band
Ingress,1974-09-10 20:04:11.180,1974-09-10 20:04:13.105,2,6925462.0,6383643.0,1.8113864810434148,0.2511355385694756,Fornax-A,rv2_coarse,per_band
Ingress,1974-09-10 20:04:11.180,1974-09-10 20:04:13.105,3,2157223.0,1964916.0,3.412165577918875,0.0024673652380462012,Fornax-A,rv2_coarse,per_band
Ingress,1974-09-10 20:04:11.180,1974-09-10 20:04:13.105,4,1284219.0,1333897.5,-1.4739946582275694,0.10198269317787113,Fornax-A,rv2_coarse,per_band
Ingress,1974-09-10 20:04:11.180,1974-09-10 20:04:13.105,5,5793369.0,7246638.0,-6.733928185145003,3.779820469089172e-07,Fornax-A,rv2_coarse,per_band
Ingress,1974-09-10 20:04:11.180,1974-09-10 20:04:13.105,6,538016.4375,595216.5,-2.9645598099723975,0.020548059357976767,Fornax-A,rv2_coarse,per_band
Ingress,1974-09-10 20:04:11.180,1974-09-10 20:04:13.105,7,461254.0,429257.125,0.48230668744138083,0.41239326497644213,Fornax-A,rv2_coarse,per_band
Ingress,1974-09-10 20:04:11.180,1974-09-10 20:04:13.105,8,569141.4375,429119.625,0.2248179254943796,0.47446612280129175,Fornax-A,rv2_coarse,per_band
Ingress,1974-09-10 20:04:11.180,1974-09-10 20:04:13.105,9,1120540.0,637622.9375,0.5851161204704355,0.22642546825833537,Fornax-A,rv2_coarse,per_band
Ingress,1974-09-10 23:46:06.134,1974-09-10 23:46:08.059,1,4237073.0,3164011.0,7.542287202207695,1.634083824609928e-05,Fornax-A,rv2_coarse,per_band
Ingress,1974-09-10 23:46:06.134,1974-09-10 23:46:08.059,2,4828185.0,4326393.0,3.4550692204666946,0.00035919145591718017,Fornax-A,rv2_coarse,per_band
Ingress,1974-09-10 23:46:06.134,1974-09-10 23:46:08.059,3,2102436.0,1581999.0,9.807570424310954,1.6984657142633194e-07,Fornax-A,rv2_coarse,per_band
Ingress,1974-09-10 23:46:06.134,1974-09-10 23:46:08.059,4,1247080.5,1153894.0,3.979821796489775,3.2900835928818665e-05,Fornax-A,rv2_coarse,per_band
Ingress,1974-09-10 23:46:06.134,1974-09-10 23:46:08.059,5,4671197.0,4671197.0,0.0,0.9457530962603455,Fornax-A,rv2_coarse,per_band
Ingress,1974-09-10 23:46:06.134,1974-09-10 23:46:08.059,6,516751.9375,489814.4375,1.7558476851115878,0.3843658812732559,Fornax-A,rv2_coarse,per_band
Ingress,1974-09-10 23:46:06.134,1974-09-10 23:46:08.059,7,471146.9375,493616.5625,-1.3870072485382579,0.04798549820103616,Fornax-A,rv2_coarse,per_band
Ingress,1974-09-10 23:46:06.134,1974-09-10 23:46:08.059,8,1232707.0,1008526.9375,0.062074271813543386,0.42542525278188204,Fornax-A,rv2_coarse,per_band
Ingress,1974-09-10 23:46:06.134,1974-09-10 23:46:08.059,9,682382.25,1420624.0,-0.05056797795464612,0.3325612123783967,Fornax-A,rv2_coarse,per_band
Egress,1974-09-11 00:00:01.332,1974-09-11 00:00:03.257,1,4924991.5,434469.5625,-9.622858332830846,3.467589427162699e-08,Fornax-A,rv2_coarse,per_band
Egress,1974-09-11 00:00:01.332,1974-09-11 00:00:03.257,2,4564595.0,5837054.0,3.4215944946053725,0.1587701186520079,Fornax-A,rv2_coarse,per_band
Egress,1974-09-11 00:00:01.332,1974-09-11 00:00:03.257,3,1578490.0,2762313.0,6.985716746869976,2.064724565202752e-06,Fornax-A,rv2_coarse,per_band
Egress,1974-09-11 00:00:01.332,1974-09-11 00:00:03.257,4,1123596.0,2458219.0,3.836193331155319,0.00025202868427054117,Fornax-A,rv2_coarse,per_band
Egress,1974-09-11 00:00:01.332,1974-09-11 00:00:03.257,5,4378076.0,10301936.0,21.55970148837928,1.25014530893531e-09,Fornax-A,rv2_coarse,per_band
Egress,1974-09-11 00:00:01.332,1974-09-11 00:00:03.257,6,487475.5,711666.5,4.004070820341019,0.004262594423137429,Fornax-A,rv2_coarse,per_band
Egress,1974-09-11 00:00:01.332,1974-09-11 00:00:03.257,7,600516.75,808550.0,4.145631416573438,0.0031379196228870586,Fornax-A,rv2_coarse,per_band
Egress,1974-09-11 00:00:01.332,1974-09-11 00:00:03.257,8,932436.9375,353442.9375,-7.105398711285673,0.00037142042941354635,Fornax-A,rv2_coarse,per_band
Egress,1974-09-11 00:00:01.332,1974-09-11 00:00:03.257,9,553878.6875,317236.625,-3.7158693752871956,0.0013721938222559936,Fornax-A,rv2_coarse,per_band
Ingress,1974-09-11 00:14:40.928,1974-09-11 00:17:04.655,1,386195.3125,1624051.5,-11.256056768760699,1.869811250577085e-08,Fornax-A,rv2_coarse,per_band
Ingress,1974-09-11 00:14:40.928,1974-09-11 00:17:04.655,2,5278742.0,3705982.0,11.60047495151407,1.6258770416837623e-09,Fornax-A,rv2_coarse,per_band
Ingress,1974-09-11 00:14:40.928,1974-09-11 00:17:04.655,3,5178777.0,1573230.0,15.961669137349404,7.773252680855881e-10,Fornax-A,rv2_coarse,per_band
Ingress,1974-09-11 00:14:40.928,1974-09-11 00:17:04.655,4,5706266.0,1346954.0,15.126697139455656,1.3764008545563794e-09,Fornax-A,rv2_coarse,per_band
Ingress,1974-09-11 00:14:40.928,1974-09-11 00:17:04.655,5,7814857.0,4636747.0,17.36921450245839,2.867823391293839e-07,Fornax-A,rv2_coarse,per_band
Ingress,1974-09-11 00:14:40.928,1974-09-11 00:17:04.655,6,755643.34375,533293.75,0.6361840083048708,0.1989167759826808,Fornax-A,rv2_coarse,per_band
Ingress,1974-09-11 00:14:40.928,1974-09-11 00:17:04.655,7,593469.0,506297.1875,3.502830613960334,0.011331674221591566,Fornax-A,rv2_coarse,per_band
Ingress,1974-09-11 00:14:40.928,1974-09-11 00:17:04.655,8,446130.0,689688.625,-4.835861687437489,0.0004465901068308715,Fornax-A,rv2_coarse,per_band
Ingress,1974-09-11 00:14:40.928,1974-09-11 00:17:04.655,9,645059.0625,792290.625,-1.681034435265462,0.10335948711549153,Fornax-A,rv2_coarse,per_band
Egress,1974-09-11 00:32:20.501,1974-09-11 00:32:22.426,1,1575000.0,1451915.0,-2.8992270059988683,0.01915089929045389,Fornax-A,rv2_coarse,per_band
Egress,1974-09-11 00:32:20.501,1974-09-11 00:32:22.426,2,3329502.0,3153266.0,-1.5417714689498025,0.26912714973115304,Fornax-A,rv2_coarse,per_band
Egress,1974-09-11 00:32:20.501,1974-09-11 00:32:22.426,3,1783322.0,1783322.0,0.0,0.8983054757124875,Fornax-A,rv2_coarse,per_band
Egress,1974-09-11 00:32:20.501,1974-09-11 00:32:22.426,4,1487282.0,1450885.0,-0.7167014410601086,0.8826442336456505,Fornax-A,rv2_coarse,per_band
Egress,1974-09-11 00:32:20.501,1974-09-11 00:32:22.426,5,4937406.0,4937406.0,0.0,0.8774301237631539,Fornax-A,rv2_coarse,per_band
Egress,1974-09-11 00:32:20.501,1974-09-11 00:32:22.426,6,461072.8125,461072.8125,0.0,0.20826551028188547,Fornax-A,rv2_coarse,per_band
Egress,1974-09-11 00:32:20.501,1974-09-11 00:32:22.426,7,489137.375,471977.5625,-0.9368870835240881,0.9075716822477171,Fornax-A,rv2_coarse,per_band
Egress,1974-09-11 00:32:20.501,1974-09-11 00:32:22.426,8,1346284.0,1204268.0,-0.3796628772358354,0.3573680949435575,Fornax-A,rv2_coarse,per_band
Egress,1974-09-11 00:32:20.501,1974-09-11 00:32:22.426,9,420442.28125,555051.28125,1.7912394791145134,0.17626013010938937,Fornax-A,rv2_coarse,per_band
Ingress,1974-09-11 03:28:02.975,1974-09-11 03:28:04.900,1,505823.75,472373.375,2.622459760595426,0.13251890286704773,Fornax-A,rv2_coarse,per_band
Ingress,1974-09-11 03:28:02.975,1974-09-11 03:28:04.900,2,2125470.5,1987831.0,1.8998617840622947,0.34356203984662403,Fornax-A,rv2_coarse,per_band
Ingress,1974-09-11 03:28:02.975,1974-09-11 03:28:04.900,3,1331481.0,1221729.0,1.240271867122413,0.9064298783512766,Fornax-A,rv2_coarse,per_band
Ingress,1974-09-11 03:28:02.975,1974-09-11 03:28:04.900,4,1168574.0,1000699.5,5.344916092920816,0.001460884613660035,Fornax-A,rv2_coarse,per_band
Ingress,1974-09-11 03:28:02.975,1974-09-11 03:28:04.900,5,5328629.0,4636747.0,3.5632930579967583,0.35940029716665456,Fornax-A,rv2_coarse,per_band
Ingress,1974-09-11 03:28:02.975,1974-09-11 03:28:04.900,6,483989.75,508043.25,-2.3253058533097235,0.7753103498263468,Fornax-A,rv2_coarse,per_band
Ingress,1974-09-11 03:28:02.975,1974-09-11 03:28:04.900,7,437162.375,437162.375,0.0,0.972674264611678,Fornax-A,rv2_coarse,per_band
Ingress,1974-09-11 03:28:02.975,1974-09-11 03:28:04.900,8,993422.5,525287.25,0.04338444758869649,0.23448374621519136,Fornax-A,rv2_coarse,per_band
Ingress,1974-09-11 03:28:02.975,1974-09-11 03:28:04.900,9,507643.1875,1093115.0,-4.037435998342495,0.0028502148579685614,Fornax-A,rv2_coarse,per_band
Egress,1974-09-11 04:14:15.421,1974-09-11 04:14:17.346,1,675147.5625,785765.1875,6.776315821268024,0.0005280590343959425,Fornax-A,rv2_coarse,per_band
Egress,1974-09-11 04:14:15.421,1974-09-11 04:14:17.346,2,2809839.0,4603977.0,17.045018285524282,6.651396893722698e-09,Fornax-A,rv2_coarse,per_band
Egress,1974-09-11 04:14:15.421,1974-09-11 04:14:17.346,3,1829986.0,3964050.0,25.11428031636294,1.183475821570774e-08,Fornax-A,rv2_coarse,per_band
Egress,1974-09-11 04:14:15.421,1974-09-11 04:14:17.346,4,1655317.0,5055457.0,16.840103169265646,2.7335626690603273e-06,Fornax-A,rv2_coarse,per_band
Egress,1974-09-11 04:14:15.421,1974-09-11 04:14:17.346,5,5770948.0,20206256.0,5.1205429317458115,0.002280360723867469,Fornax-A,rv2_coarse,per_band
Egress,1974-09-11 04:14:15.421,1974-09-11 04:14:17.346,6,,1690825.53125,,,Fornax-A,rv2_coarse,per_band
Egress,1974-09-11 04:14:15.421,1974-09-11 04:14:17.346,7,,6464327.0,,,Fornax-A,rv2_coarse,per_band
Egress,1974-09-11 04:14:15.421,1974-09-11 04:14:17.346,8,7667344.0,820647.0625,-1.4250198855974203,0.9572022054918661,Fornax-A,rv2_coarse,per_band
Egress,1974-09-11 04:14:15.421,1974-09-11 04:14:17.346,9,4556001.0,475130.3125,-5.74135866674759,0.0031668999862931877,Fornax-A,rv2_coarse,per_band
Ingress,1974-09-11 07:09:31.004,1974-09-11 07:09:32.929,1,320546.9375,298096.125,2.534383457084343,0.03609798861538193,Fornax-A,rv2_coarse,per_band
Ingress,1974-09-11 07:09:31.004,1974-09-11 07:09:32.929,2,2126389.0,2126389.0,0.0,0.43474582810389006,Fornax-A,rv2_coarse,per_band
Ingress,1974-09-11 07:09:31.004,1974-09-11 07:09:32.929,3,1335110.0,,,,Fornax-A,rv2_coarse,per_band
Ingress,1974-09-11 07:09:31.004,1974-09-11 07:09:32.929,4,1133608.0,,,,Fornax-A,rv2_coarse,per_band
Ingress,1974-09-11 07:09:31.004,1974-09-11 07:09:32.929,5,4831207.0,4678116.0,0.8754435979561113,0.24350807538665245,Fornax-A,rv2_coarse,per_band
Ingress,1974-09-11 07:09:31.004,1974-09-11 07:09:32.929,6,520277.1875,464923.125,5.265032120677534,0.0005480227851887481,Fornax-A,rv2_coarse,per_band
Ingress,1974-09-11 07:09:31.004,1974-09-11 07:09:32.929,7,435502.9375,440535.1875,-0.582295032197015,0.330273342434959,Fornax-A,rv2_coarse,per_band
Ingress,1974-09-11 07:09:31.004,1974-09-11 07:09:32.929,8,892450.1875,741483.3125,0.9190515381579512,0.09832772428251772,Fornax-A,rv2_coarse,per_band
Ingress,1974-09-11 07:09:31.004,1974-09-11 07:09:32.929,9,1125934.5,1094413.0,0.060473269474888555,0.8397768485413325,Fornax-A,rv2_coarse,per_band
Egress,1974-09-11 07:56:12.259,1974-09-11 07:56:14.184,1,884614.5625,926214.4375,0.8232681140808653,0.6386702807279092,Fornax-A,rv2_coarse,per_band
Egress,1974-09-11 07:56:12.259,1974-09-11 07:56:14.184,2,52766512.0,58754928.0,0.8138794097103398,0.22577206537749575,Fornax-A,rv2_coarse,per_band
Egress,1974-09-11 07:56:12.259,1974-09-11 07:56:14.184,3,1956203.0,2050431.0,1.6658859725081292,0.021086880506511113,Fornax-A,rv2_coarse,per_band
Egress,1974-09-11 07:56:12.259,1974-09-11 07:56:14.184,4,1564410.0,1665028.0,1.455125127710296,0.01871190759207876,Fornax-A,rv2_coarse,per_band
Egress,1974-09-11 07:56:12.259,1974-09-11 07:56:14.184,5,5322910.0,5322910.0,0.0,0.262160921574501,Fornax-A,rv2_coarse,per_band
Egress,1974-09-11 07:56:12.259,1974-09-11 07:56:14.184,6,460433.0625,460433.0625,0.0,0.5673803734944121,Fornax-A,rv2_coarse,per_band
Egress,1974-09-11 07:56:12.259,1974-09-11 07:56:14.184,7,477431.375,477431.375,0.0,0.2737541679261242,Fornax-A,rv2_coarse,per_band
Egress,1974-09-11 07:56:12.259,1974-09-11 07:56:14.184,8,584990.1875,618211.625,1.0741758513739976,0.6309732948254398,Fornax-A,rv2_coarse,per_band
Egress,1974-09-11 07:56:12.259,1974-09-11 07:56:14.184,9,527096.1875,534241.21875,0.09695360945878718,0.8428810633533627,Fornax-A,rv2_coarse,per_band
Ingress,1974-09-11 10:51:52.832,1974-09-11 10:51:56.642,1,1785976.0,816288.4375,12.693144933684726,1.7227752532277567e-07,Fornax-A,rv2_coarse,per_band
Ingress,1974-09-11 10:51:52.832,1974-09-11 10:51:56.642,2,10355205.0,3066689.0,17.300961938740528,2.7505603371666194e-06,Fornax-A,rv2_coarse,per_band
Ingress,1974-09-11 10:51:52.832,1974-09-11 10:51:56.642,3,5038313.0,1992314.5,17.876081506979386,5.35235615747772e-08,Fornax-A,rv2_coarse,per_band
Ingress,1974-09-11 10:51:52.832,1974-09-11 10:51:56.642,4,1484864.0,1611449.0,-0.3429794270525378,0.0722758801969388,Fornax-A,rv2_coarse,per_band
Ingress,1974-09-11 10:51:52.832,1974-09-11 10:51:56.642,5,17580657.0,10069129.0,2.2059449480967395,0.0037735468352794403,Fornax-A,rv2_coarse,per_band
Ingress,1974-09-11 10:51:52.832,1974-09-11 10:51:56.642,6,1146017.0,506318.4375,2.0955565773360787,0.0006758059568686331,Fornax-A,rv2_coarse,per_band
Ingress,1974-09-11 10:51:52.832,1974-09-11 10:51:56.642,7,504338.6875,477431.375,1.0680547735103811,0.10046816265483544,Fornax-A,rv2_coarse,per_band
Ingress,1974-09-11 10:51:52.832,1974-09-11 10:51:56.642,8,423542.25,776062.875,-1.2408103381672249,0.8588738189730551,Fornax-A,rv2_coarse,per_band
Ingress,1974-09-11 10:51:52.832,1974-09-11 10:51:56.642,9,663629.5625,687608.0625,-0.04007587206944381,0.5296986179902103,Fornax-A,rv2_coarse,per_band
Egress,1974-09-11 11:38:07.177,1974-09-11 11:38:09.102,1,387288.875,630910.0,4.080830002966945,0.001527523640345111,Fornax-A,rv2_coarse,per_band
Egress,1974-09-11 11:38:07.177,1974-09-11 11:38:09.102,2,2445658.0,6360002.0,6.748478709089041,9.845213115374928e-06,Fornax-A,rv2_coarse,per_band
Egress,1974-09-11 11:38:07.177,1974-09-11 11:38:09.102,3,1664823.0,4881807.5,4.793068303296879,0.0003856948236895477,Fornax-A,rv2_coarse,per_band
Egress,1974-09-11 11:38:07.177,1974-09-11 11:38:09.102,4,1404826.0,2930806.0,1.0114731378038582,0.44364899585454554,Fornax-A,rv2_coarse,per_band
Egress,1974-09-11 11:38:07.177,1974-09-11 11:38:09.102,5,15707912.0,14418960.0,-0.26655060416587156,0.1334003770065466,Fornax-A,rv2_coarse,per_band
Egress,1974-09-11 11:38:07.177,1974-09-11 11:38:09.102,6,709192.375,1272542.0,4.550661637855142,0.0005965814248404053,Fornax-A,rv2_coarse,per_band
Egress,1974-09-11 11:38:07.177,1974-09-11 11:38:09.102,7,1071921.125,824093.125,-2.4133460421675568,0.12656136628784895,Fornax-A,rv2_coarse,per_band
Egress,1974-09-11 11:38:07.177,1974-09-11 11:38:09.102,8,1017864.75,469110.125,-2.193174515319087,0.6819877905651072,Fornax-A,rv2_coarse,per_band
Egress,1974-09-11 11:38:07.177,1974-09-11 11:38:09.102,9,596124.25,779152.84375,2.290968758141332,0.049040202258991764,Fornax-A,rv2_coarse,per_band
Ingress,1974-09-11 14:33:49.726,1974-09-11 14:33:53.536,1,470009.3125,351455.6875,6.346141409762304,0.002391386220797942,Fornax-A,rv2_coarse,per_band
Ingress,1974-09-11 14:33:49.726,1974-09-11 14:33:53.536,2,2842196.0,2286381.0,7.164837445160343,3.2031917969186987e-06,Fornax-A,rv2_coarse,per_band
Ingress,1974-09-11 14:33:49.726,1974-09-11 14:33:53.536,3,1578490.0,1397593.0,3.130552270931177,0.020524770267870016,Fornax-A,rv2_coarse,per_band
Ingress,1974-09-11 14:33:49.726,1974-09-11 14:33:53.536,4,1257281.0,1123596.0,3.3040645885964914,0.02794490530774712,Fornax-A,rv2_coarse,per_band
Ingress,1974-09-11 14:33:49.726,1974-09-11 14:33:53.536,5,4954490.0,14088599.0,-7.8754306242565555,0.0002459685802467016,Fornax-A,rv2_coarse,per_band
Ingress,1974-09-11 14:33:49.726,1974-09-11 14:33:53.536,6,487475.5,487475.5,0.0,0.7038340077346107,Fornax-A,rv2_coarse,per_band
Ingress,1974-09-11 14:33:49.726,1974-09-11 14:33:53.536,7,455985.0,484904.5,-1.883460235649651,0.1633480701811703,Fornax-A,rv2_coarse,per_band
Ingress,1974-09-11 14:33:49.726,1974-09-11 14:33:53.536,8,932436.9375,756110.6875,2.379356609486164,0.7152632305420761,Fornax-A,rv2_coarse,per_band
Ingress,1974-09-11 14:33:49.726,1974-09-11 14:33:53.536,9,195280.5,973543.5625,-0.762560376608692,0.4088633757249609,Fornax-A,rv2_coarse,per_band
Egress,1974-09-11 15:20:04.061,1974-09-11 15:20:05.986,1,621296.875,700653.875,2.0029547081560954,0.40034945149503676,Fornax-A,rv2_coarse,per_band
Egress,1974-09-11 15:20:04.061,1974-09-11 15:20:05.986,2,3707261.0,51663496.0,6.3809101635123895,0.00373978981022205,Fornax-A,rv2_coarse,per_band
Egress,1974-09-11 15:20:04.061,1974-09-11 15:20:05.986,3,2256092.5,2079196.0,-3.045352355364017,0.001919705851852483,Fornax-A,rv2_coarse,per_band
Egress,1974-09-11 15:20:04.061,1974-09-11 15:20:05.986,4,2422253.5,1717227.0,-5.763526888854877,3.4567078614679466e-05,Fornax-A,rv2_coarse,per_band
Egress,1974-09-11 15:20:04.061,1974-09-11 15:20:05.986,5,7526308.5,5317162.0,-8.012573002188581,0.00010057342254400457,Fornax-A,rv2_coarse,per_band
Egress,1974-09-11 15:20:04.061,1974-09-11 15:20:05.986,6,481678.1875,459796.8125,-2.5661314483829964,0.13450202564069644,Fornax-A,rv2_coarse,per_band
Egress,1974-09-11 15:20:04.061,1974-09-11 15:20:05.986,7,482948.1875,445214.0625,-1.664812104292495,0.22705949761909203,Fornax-A,rv2_coarse,per_band
Egress,1974-09-11 15:20:04.061,1974-09-11 15:20:05.986,8,695629.75,619490.5625,-0.8997405353616713,0.6054691565466324,Fornax-A,rv2_coarse,per_band
Egress,1974-09-11 15:20:04.061,1974-09-11 15:20:05.986,9,574386.1875,371512.1875,-1.6701890316840708,0.18395462671014312,Fornax-A,rv2_coarse,per_band
Ingress,1974-09-11 18:15:46.588,1974-09-11 18:15:50.398,1,343220.5625,378721.6875,-2.308868129685615,0.0717663396588507,Fornax-A,rv2_coarse,per_band
Ingress,1974-09-11 18:15:46.588,1974-09-11 18:15:50.398,2,4111885.0,3333592.0,2.90627200287564,0.10325835067450645,Fornax-A,rv2_coarse,per_band
Ingress,1974-09-11 18:15:46.588,1974-09-11 18:15:50.398,3,2389897.0,2160623.0,2.435064068028278,0.021596149180522994,Fornax-A,rv2_coarse,per_band
Ingress,1974-09-11 18:15:46.588,1974-09-11 18:15:50.398,4,1285867.0,1098620.0,5.896772538209774,0.004767479628104729,Fornax-A,rv2_coarse,per_band
Ingress,1974-09-11 18:15:46.588,1974-09-11 18:15:50.398,5,5345879.0,4954490.0,1.7002467008027489,0.14086515701084082,Fornax-A,rv2_coarse,per_band
Ingress,1974-09-11 18:15:46.588,1974-09-11 18:15:50.398,6,568965.1875,568965.1875,0.0,0.011692057131422715,Fornax-A,rv2_coarse,per_band
Ingress,1974-09-11 18:15:46.588,1974-09-11 18:15:50.398,7,425356.875,508429.6875,-2.3313833366867334,0.006136627578649815,Fornax-A,rv2_coarse,per_band
Ingress,1974-09-11 18:15:46.588,1974-09-11 18:15:50.398,8,1418036.0,1149882.0,0.31048665151251165,0.5631093845853442,Fornax-A,rv2_coarse,per_band
Ingress,1974-09-11 18:15:46.588,1974-09-11 18:15:50.398,9,758984.125,935982.65625,-1.3954953803124288,0.9653497706487181,Fornax-A,rv2_coarse,per_band
Egress,1974-09-11 19:02:00.923,1974-09-11 19:02:02.848,1,375836.0625,403512.125,2.326582411402209,0.14746686993434058,Fornax-A,rv2_coarse,per_band
Egress,1974-09-11 19:02:00.923,1974-09-11 19:02:02.848,2,2577949.0,2680361.0,0.3898441202148058,0.2458006830947544,Fornax-A,rv2_coarse,per_band
Egress,1974-09-11 19:02:00.923,1974-09-11 19:02:02.848,3,1571486.0,2118615.5,,,Fornax-A,rv2_coarse,per_band
Egress,1974-09-11 19:02:00.923,1974-09-11 19:02:02.848,4,,1860534.5,,,Fornax-A,rv2_coarse,per_band
Egress,1974-09-11 19:02:00.923,1974-09-11 19:02:02.848,5,5110231.5,7274314.0,,,Fornax-A,rv2_coarse,per_band
Egress,1974-09-11 19:02:00.923,1974-09-11 19:02:02.848,6,458523.375,652013.3125,21.513208215936423,2.5858360892697966e-07,Fornax-A,rv2_coarse,per_band
Egress,1974-09-11 19:02:00.923,1974-09-11 19:02:02.848,7,416017.75,508578.9375,1.540478608259083,0.07954895783681669,Fornax-A,rv2_coarse,per_band
Egress,1974-09-11 19:02:00.923,1974-09-11 19:02:02.848,8,356972.75,356972.75,0.0,0.4101672661277214,Fornax-A,rv2_coarse,per_band
Egress,1974-09-11 19:02:00.923,1974-09-11 19:02:02.848,9,444215.28125,559379.875,1.6685962735736746,0.13791378798469564,Fornax-A,rv2_coarse,per_band
Egress,1974-09-12 02:25:52.723,1974-09-12 02:25:54.648,1,3445429.0,721379.1875,-7.797335481714796,0.0002832233391008295,Fornax-A,rv2_coarse,per_band
Egress,1974-09-12 02:25:52.723,1974-09-12 02:25:54.648,2,7509894.5,3906689.0,-9.599771738416452,5.702282728872821e-08,Fornax-A,rv2_coarse,per_band
Egress,1974-09-12 02:25:52.723,1974-09-12 02:25:54.648,3,3165261.0,2085808.0,-5.733939701921362,4.3090065141501774e-05,Fornax-A,rv2_coarse,per_band
Egress,1974-09-12 02:25:52.723,1974-09-12 02:25:54.648,4,2164902.0,1780661.0,-7.176896985646766,6.990737494074265e-06,Fornax-A,rv2_coarse,per_band
Egress,1974-09-12 02:25:52.723,1974-09-12 02:25:54.648,5,13051713.0,6282361.0,-9.43373000592275,0.00017018329915324812,Fornax-A,rv2_coarse,per_band
Egress,1974-09-12 02:25:52.723,1974-09-12 02:25:54.648,6,559798.125,483989.75,-5.098927627658857,0.02145819168857257,Fornax-A,rv2_coarse,per_band
Egress,1974-09-12 02:25:52.723,1974-09-12 02:25:54.648,7,613035.75,471977.5625,-11.0755946965945,9.541428346370302e-07,Fornax-A,rv2_coarse,per_band
Egress,1974-09-12 02:25:52.723,1974-09-12 02:25:54.648,8,321910.21875,1077232.0,0.04100480680380793,0.7850210747050921,Fornax-A,rv2_coarse,per_band
Egress,1974-09-12 02:25:52.723,1974-09-12 02:25:54.648,9,483335.1875,1418386.5,2.2942728878947007,0.29024946793946754,Fornax-A,rv2_coarse,per_band
Ingress,1974-09-12 05:21:35.214,1974-09-12 05:21:37.139,1,1552099.5,1406919.0,1.0007547325000994,0.3608440922830707,Fornax-A,rv2_coarse,per_band
Ingress,1974-09-12 05:21:35.214,1974-09-12 05:21:37.139,2,6955392.0,6400175.0,2.330716271703323,0.03544648536325489,Fornax-A,rv2_coarse,per_band
Ingress,1974-09-12 05:21:35.214,1974-09-12 05:21:37.139,3,1835028.0,2215861.0,-4.160876970523097,0.0017361262144091534,Fornax-A,rv2_coarse,per_band
Ingress,1974-09-12 05:21:35.214,1974-09-12 05:21:37.139,4,1248267.0,1411149.0,-3.3980429864919235,0.01739814839883625,Fornax-A,rv2_coarse,per_band
Ingress,1974-09-12 05:21:35.214,1974-09-12 05:21:37.139,5,9250109.0,10096514.0,-1.7660039490383965,0.5535850437787164,Fornax-A,rv2_coarse,per_band
Ingress,1974-09-12 05:21:35.214,1974-09-12 05:21:37.139,6,1397376.0,566948.25,4.863338811121622,0.013076384388517435,Fornax-A,rv2_coarse,per_band
Ingress,1974-09-12 05:21:35.214,1974-09-12 05:21:37.139,7,482948.1875,559220.25,-3.5547161896197035,0.04929568079608396,Fornax-A,rv2_coarse,per_band
Ingress,1974-09-12 05:21:35.214,1974-09-12 05:21:37.139,8,877138.0,931044.125,-0.281569063059008,0.8183423105877363,Fornax-A,rv2_coarse,per_band
Ingress,1974-09-12 05:21:35.214,1974-09-12 05:21:37.139,9,1123306.5,1034610.8125,0.38389792097352415,0.2774308387714439,Fornax-A,rv2_coarse,per_band
Egress,1974-09-12 06:07:49.555,1974-09-12 06:07:51.480,1,2378492.0,1246421.0,,,Fornax-A,rv2_coarse,per_band
Egress,1974-09-12 06:07:49.555,1974-09-12 06:07:51.480,2,4872067.0,4359216.0,-3.2756320253141613,0.008891105814214997,Fornax-A,rv2_coarse,per_band
Egress,1974-09-12 06:07:49.555,1974-09-12 06:07:51.480,3,2371606.0,2882755.0,4.870080402925177,0.0002853676048021579,Fornax-A,rv2_coarse,per_band
Egress,1974-09-12 06:07:49.555,1974-09-12 06:07:51.480,4,1821911.0,3427862.0,19.186761039378244,2.0795935224400515e-07,Fornax-A,rv2_coarse,per_band
Egress,1974-09-12 06:07:49.555,1974-09-12 06:07:51.480,5,5763490.0,6274242.0,2.1060710753064042,0.0857437804524789,Fornax-A,rv2_coarse,per_band
Egress,1974-09-12 06:07:49.555,1974-09-12 06:07:51.480,6,477090.4375,457254.4375,-1.6327507341634333,0.4040760045644042,Fornax-A,rv2_coarse,per_band
Egress,1974-09-12 06:07:49.555,1974-09-12 06:07:51.480,7,461764.5625,505661.6875,2.4683744054695707,0.22950206471245801,Fornax-A,rv2_coarse,per_band
Egress,1974-09-12 06:07:49.555,1974-09-12 06:07:51.480,8,707661.3125,624626.8125,,,Fornax-A,rv2_coarse,per_band
Egress,1974-09-12 06:07:49.555,1974-09-12 06:07:51.480,9,939771.0,,,,Fornax-A,rv2_coarse,per_band
Ingress,1974-09-12 09:03:32.081,1974-09-12 09:03:34.006,1,453269.625,580141.625,-10.397268628991784,5.3385246484165075e-06,Fornax-A,rv2_coarse,per_band
Ingress,1974-09-12 09:03:32.081,1974-09-12 09:03:34.006,2,3168782.0,5879172.0,-8.469202867618193,4.716294625566451e-05,Fornax-A,rv2_coarse,per_band
Ingress,1974-09-12 09:03:32.081,1974-09-12 09:03:34.006,3,1532716.0,2759046.0,-14.940224441296216,1.0930220352221752e-09,Fornax-A,rv2_coarse,per_band
Ingress,1974-09-12 09:03:32.081,1974-09-12 09:03:34.006,4,1235224.0,2508462.5,-5.541553182804419,2.0150525046799703e-05,Fornax-A,rv2_coarse,per_band
Ingress,1974-09-12 09:03:32.081,1974-09-12 09:03:34.006,5,6290490.0,14765174.5,-9.982551488114494,3.0679860020062745e-08,Fornax-A,rv2_coarse,per_band
Ingress,1974-09-12 09:03:32.081,1974-09-12 09:03:34.006,6,610701.6875,760734.03125,-5.207870519081904,0.00044582954346491436,Fornax-A,rv2_coarse,per_band
Ingress,1974-09-12 09:03:32.081,1974-09-12 09:03:34.006,7,464416.5625,506276.9375,-2.868463378941233,0.003476310344708174,Fornax-A,rv2_coarse,per_band
Ingress,1974-09-12 09:03:32.081,1974-09-12 09:03:34.006,8,1154557.5,256487.9375,0.23102666819832687,0.24158202809308107,Fornax-A,rv2_coarse,per_band
Ingress,1974-09-12 09:03:32.081,1974-09-12 09:03:34.006,9,691472.5,936580.59375,-0.2983947242655537,0.22233126889530383,Fornax-A,rv2_coarse,per_band
Egress,1974-09-12 09:49:46.423,1974-09-12 09:49:48.348,1,2066261.0,4488144.5,10.230049347165801,1.9553140128821963e-08,Fornax-A,rv2_coarse,per_band
Egress,1974-09-12 09:49:46.423,1974-09-12 09:49:48.348,2,6400175.0,7524582.0,,,Fornax-A,rv2_coarse,per_band
Egress,1974-09-12 09:49:46.423,1974-09-12 09:49:48.348,3,3931446.0,3750289.0,-1.1693630199220295,0.2786210596035449,Fornax-A,rv2_coarse,per_band
Egress,1974-09-12 09:49:46.423,1974-09-12 09:49:48.348,4,2023451.0,2376553.0,9.082369512951871,5.683374786555062e-05,Fornax-A,rv2_coarse,per_band
Egress,1974-09-12 09:49:46.423,1974-09-12 09:49:48.348,5,7265086.0,6777658.0,-1.636398519598755,0.9306747562912452,Fornax-A,rv2_coarse,per_band
Egress,1974-09-12 09:49:46.423,1974-09-12 09:49:48.348,6,504600.9375,481678.1875,-2.5643433065496497,0.765166896710745,Fornax-A,rv2_coarse,per_band
Egress,1974-09-12 09:49:46.423,1974-09-12 09:49:48.348,7,482948.1875,482948.1875,0.0,0.7780576075973286,Fornax-A,rv2_coarse,per_band
Egress,1974-09-12 09:49:46.423,1974-09-12 09:49:48.348,8,585586.0,619490.5625,0.42531690255468707,0.6257330321742072,Fornax-A,rv2_coarse,per_band
Egress,1974-09-12 09:49:46.423,1974-09-12 09:49:48.348,9,596894.53125,478374.8125,-1.6340047642045017,0.35913579550693675,Fornax-A,rv2_coarse,per_band
Ingress,1974-09-12 12:45:26.999,1974-09-12 12:45:28.924,1,1091615.0,3014968.0,-25.43714546127106,6.473134064222884e-10,Fornax-A,rv2_coarse,per_band
Ingress,1974-09-12 12:45:26.999,1974-09-12 12:45:28.924,2,8686127.0,31959120.0,-21.14597374434142,5.867155474899646e-07,Fornax-A,rv2_coarse,per_band
Ingress,1974-09-12 12:45:26.999,1974-09-12 12:45:28.924,3,4514493.0,6198088.0,-6.563960097763211,0.00024197823317613666,Fornax-A,rv2_coarse,per_band
Ingress,1974-09-12 12:45:26.999,1974-09-12 12:45:28.924,4,3441934.0,2380371.0,5.964084386252324,0.000767614579636653,Fornax-A,rv2_coarse,per_band
Ingress,1974-09-12 12:45:26.999,1974-09-12 12:45:28.924,5,18874576.0,10041817.0,8.015858620951414,0.00030826516068419306,Fornax-A,rv2_coarse,per_band
Ingress,1974-09-12 12:45:26.999,1974-09-12 12:45:28.924,6,1375126.0,679665.1875,3.286526139948181,0.1665457286332477,Fornax-A,rv2_coarse,per_band
Ingress,1974-09-12 12:45:26.999,1974-09-12 12:45:28.924,7,,603520.4375,,,Fornax-A,rv2_coarse,per_band
Ingress,1974-09-12 12:45:26.999,1974-09-12 12:45:28.924,8,,1451218.0,,,Fornax-A,rv2_coarse,per_band
Ingress,1974-09-12 12:45:26.999,1974-09-12 12:45:28.924,9,537225.3125,638974.3125,,,Fornax-A,rv2_coarse,per_band
Egress,1974-09-12 13:31:43.272,1974-09-12 13:31:45.197,1,3457265.0,2121949.0,-3.0678925329048337,0.006555663264221018,Fornax-A,rv2_coarse,per_band
Egress,1974-09-12 13:31:43.272,1974-09-12 13:31:45.197,2,67699976.0,93711184.0,3.7144707659548564,0.0003722937406934012,Fornax-A,rv2_coarse,per_band
Egress,1974-09-12 13:31:43.272,1974-09-12 13:31:45.197,3,4600663.0,5986981.0,4.981557208558119,0.0011211500500270916,Fornax-A,rv2_coarse,per_band
Egress,1974-09-12 13:31:43.272,1974-09-12 13:31:45.197,4,2013102.0,5049921.0,4.2410863303088995,0.024367638204030796,Fornax-A,rv2_coarse,per_band
Egress,1974-09-12 13:31:43.272,1974-09-12 13:31:45.197,5,10207115.0,27363216.0,6.791323478165803,0.00010764951327862414,Fornax-A,rv2_coarse,per_band
Egress,1974-09-12 13:31:43.272,1974-09-12 13:31:45.197,6,651380.625,1356806.0,5.61980176159312,0.0021499385225744877,Fornax-A,rv2_coarse,per_band
Egress,1974-09-12 13:31:43.272,1974-09-12 13:31:45.197,7,691873.125,682190.09375,-0.21804417978162588,0.2956487480391855,Fornax-A,rv2_coarse,per_band
Egress,1974-09-12 13:31:43.272,1974-09-12 13:31:45.197,8,1165882.0,1165882.0,0.0,0.8193090348659533,Fornax-A,rv2_coarse,per_band
Egress,1974-09-12 13:31:43.272,1974-09-12 13:31:45.197,9,512997.125,442510.96875,-1.914698469462001,0.03440021733194815,Fornax-A,rv2_coarse,per_band
Ingress,1974-09-12 16:27:23.917,1974-09-12 16:27:25.842,1,6528107.0,6528107.0,0.0,0.9626572422218567,Fornax-A,rv2_coarse,per_band
Ingress,1974-09-12 16:27:23.917,1974-09-12 16:27:25.842,2,16201781.0,12191736.0,7.252266924233838,5.586954303998382e-06,Fornax-A,rv2_coarse,per_band
Ingress,1974-09-12 16:27:23.917,1974-09-12 16:27:25.842,3,7889238.0,3905564.0,8.45097927006888,7.416034577609966e-05,Fornax-A,rv2_coarse,per_band
Ingress,1974-09-12 16:27:23.917,1974-09-12 16:27:25.842,4,3315583.0,2135092.0,10.882404837060315,4.009841715561298e-07,Fornax-A,rv2_coarse,per_band
Ingress,1974-09-12 16:27:23.917,1974-09-12 16:27:25.842,5,18714560.0,20534792.0,-0.6865621718764751,0.8349136603547114,Fornax-A,rv2_coarse,per_band
Ingress,1974-09-12 16:27:23.917,1974-09-12 16:27:25.842,6,869656.625,1175610.0,-2.91180042155489,0.2610240213405516,Fornax-A,rv2_coarse,per_band
Ingress,1974-09-12 16:27:23.917,1974-09-12 16:27:25.842,7,611049.375,905715.25,-3.4099923650153348,0.1751788946144772,Fornax-A,rv2_coarse,per_band
Ingress,1974-09-12 16:27:23.917,1974-09-12 16:27:25.842,8,1235840.5,711371.3125,0.04200002365706393,0.7764887854160563,Fornax-A,rv2_coarse,per_band
Ingress,1974-09-12 16:27:23.917,1974-09-12 16:27:25.842,9,665033.3125,574014.6875,0.1682282896628682,0.2995031916296844,Fornax-A,rv2_coarse,per_band
Ingress,1974-09-12 20:09:20.758,1974-09-12 20:09:22.683,1,8174364.0,12427834.0,-4.47618923307416,0.01212058419951157,Fornax-A,rv2_coarse,per_band
Ingress,1974-09-12 20:09:20.758,1974-09-12 20:09:22.683,2,6895673.0,10192019.0,-3.3118850676662546,0.09073544213802145,Fornax-A,rv2_coarse,per_band
Ingress,1974-09-12 20:09:20.758,1974-09-12 20:09:22.683,3,2317336.0,2757578.5,-2.337839234841294,0.09349828834288026,Fornax-A,rv2_coarse,per_band
Ingress,1974-09-12 20:09:20.758,1974-09-12 20:09:22.683,4,1634874.0,1855591.0,-1.3230877246720492,0.15618273696598806,Fornax-A,rv2_coarse,per_band
Ingress,1974-09-12 20:09:20.758,1974-09-12 20:09:22.683,5,13393194.0,11735775.0,0.7340496094974087,0.04844585533129547,Fornax-A,rv2_coarse,per_band
Ingress,1974-09-12 20:09:20.758,1974-09-12 20:09:22.683,6,663316.15625,610701.6875,1.7851422838686848,0.04079262707663241,Fornax-A,rv2_coarse,per_band
Ingress,1974-09-12 20:09:20.758,1974-09-12 20:09:22.683,7,450649.4375,506276.9375,-1.6610908105968185,0.06008378553045976,Fornax-A,rv2_coarse,per_band
Ingress,1974-09-12 20:09:20.758,1974-09-12 20:09:22.683,8,534731.4375,454183.0625,0.0459207829742875,0.3371962717940697,Fornax-A,rv2_coarse,per_band
Ingress,1974-09-12 20:09:20.758,1974-09-12 20:09:22.683,9,1389575.5,473987.4375,2.099708776903893,0.07325683091614366,Fornax-A,rv2_coarse,per_band
Egress,1974-09-12 20:55:37.021,1974-09-12 20:55:38.946,1,34072784.0,11068059.0,-27.114373495109824,3.604487729619295e-08,Fornax-A,rv2_coarse,per_band
Egress,1974-09-12 20:55:37.021,1974-09-12 20:55:38.946,2,51577216.0,23745296.0,-21.718935961306062,1.2619876079523192e-10,Fornax-A,rv2_coarse,per_band
Egress,1974-09-12 20:55:37.021,1974-09-12 20:55:38.946,3,13068851.0,9579484.0,-5.527712017033649,0.0007936530310274466,Fornax-A,rv2_coarse,per_band
Egress,1974-09-12 20:55:37.021,1974-09-12 20:55:38.946,4,3576920.0,4756478.0,5.819125768623306,0.00047997471492037175,Fornax-A,rv2_coarse,per_band
Egress,1974-09-12 20:55:37.021,1974-09-12 20:55:38.946,5,9987265.0,12427620.5,,,Fornax-A,rv2_coarse,per_band
Egress,1974-09-12 20:55:37.021,1974-09-12 20:55:38.946,6,619986.71875,,,,Fornax-A,rv2_coarse,per_band
Egress,1974-09-12 20:55:37.021,1974-09-12 20:55:38.946,7,663357.03125,0.0,,,Fornax-A,rv2_coarse,per_band
Egress,1974-09-12 20:55:37.021,1974-09-12 20:55:38.946,8,401153.9375,1241948.0,0.011553644270080408,0.3586262507831185,Fornax-A,rv2_coarse,per_band
Egress,1974-09-12 20:55:37.021,1974-09-12 20:55:38.946,9,684184.375,956787.28125,0.8316183562741677,0.2725158949193481,Fornax-A,rv2_coarse,per_band
Ingress,1974-09-13 03:33:12.846,1974-09-13 03:33:14.771,1,42568272.0,14624587.0,13.466022510457739,2.580867255606049e-06,Fornax-A,rv2_coarse,per_band
Ingress,1974-09-13 03:33:12.846,1974-09-13 03:33:14.771,2,28567216.0,18036928.0,9.862540486360475,4.780510256951716e-06,Fornax-A,rv2_coarse,per_band
Ingress,1974-09-13 03:33:12.846,1974-09-13 03:33:14.771,3,10254103.0,6128736.0,15.715410175605449,8.530190759451337e-10,Fornax-A,rv2_coarse,per_band
Ingress,1974-09-13 03:33:12.846,1974-09-13 03:33:14.771,4,2173958.0,3792992.0,,,Fornax-A,rv2_coarse,per_band
Ingress,1974-09-13 03:33:12.846,1974-09-13 03:33:14.771,5,,14694037.5,,,Fornax-A,rv2_coarse,per_band
Ingress,1974-09-13 03:33:12.846,1974-09-13 03:33:14.771,6,681635.21875,795582.71875,,,Fornax-A,rv2_coarse,per_band
Ingress,1974-09-13 03:33:12.846,1974-09-13 03:33:14.771,7,600516.75,725353.4375,-3.555772030671422,0.009760505626794942,Fornax-A,rv2_coarse,per_band
Ingress,1974-09-13 03:33:12.846,1974-09-13 03:33:14.771,8,1276939.0,605675.03125,2.620745542882377,0.21489260277038588,Fornax-A,rv2_coarse,per_band
Ingress,1974-09-13 03:33:12.846,1974-09-13 03:33:14.771,9,1260305.0,2691250.0,-12.784896249431602,7.568146010895216e-07,Fornax-A,rv2_coarse,per_band
Egress,1974-09-13 04:19:29.066,1974-09-13 04:19:30.991,1,9516110.0,9516110.0,0.0,0.9932120013303695,Fornax-A,rv2_coarse,per_band
Egress,1974-09-13 04:19:29.066,1974-09-13 04:19:30.991,2,13496463.0,28158240.0,13.792856407665854,1.062037633506286e-06,Fornax-A,rv2_coarse,per_band
Egress,1974-09-13 04:19:29.066,1974-09-13 04:19:30.991,3,4796281.0,5879559.0,4.813773412504055,0.002932625753306732,Fornax-A,rv2_coarse,per_band
Egress,1974-09-13 04:19:29.066,1974-09-13 04:19:30.991,4,2936805.0,4081887.0,9.52555353889149,9.387882865792702e-09,Fornax-A,rv2_coarse,per_band
Egress,1974-09-13 04:19:29.066,1974-09-13 04:19:30.991,5,6279642.0,7265086.0,5.185755995516712,0.00022863115383082227,Fornax-A,rv2_coarse,per_band
Egress,1974-09-13 04:19:29.066,1974-09-13 04:19:30.991,6,481678.1875,553771.4375,1.6931904742960386,0.3604852843763524,Fornax-A,rv2_coarse,per_band
Egress,1974-09-13 04:19:29.066,1974-09-13 04:19:30.991,7,502013.40625,521078.625,0.7605195966414153,0.3414329487738186,Fornax-A,rv2_coarse,per_band
Egress,1974-09-13 04:19:29.066,1974-09-13 04:19:30.991,8,931044.125,440149.34375,-7.197957643947435,5.295947476125642e-06,Fornax-A,rv2_coarse,per_band
Egress,1974-09-13 04:19:29.066,1974-09-13 04:19:30.991,9,969428.09375,2237252.0,5.166076667860277,0.0013563219966068274,Fornax-A,rv2_coarse,per_band
Ingress,1974-09-13 07:15:09.533,1974-09-13 07:15:11.458,1,8207805.0,10294394.0,-1.0827207098879046,0.8708923576985048,Fornax-A,rv2_coarse,per_band
Ingress,1974-09-13 07:15:09.533,1974-09-13 07:15:11.458,2,29192960.0,30615304.0,-0.8496717776487979,0.18032788523559287,Fornax-A,rv2_coarse,per_band
Ingress,1974-09-13 07:15:09.533,1974-09-13 07:15:11.458,3,7991305.0,10153221.0,-2.069266000668096,0.029393394245368507,Fornax-A,rv2_coarse,per_band
Ingress,1974-09-13 07:15:09.533,1974-09-13 07:15:11.458,4,4321911.0,3433889.0,1.5318633108172313,0.2924800581505676,Fornax-A,rv2_coarse,per_band
Ingress,1974-09-13 07:15:09.533,1974-09-13 07:15:11.458,5,15315299.5,25495984.0,-0.11282108621988746,0.3809822023677699,Fornax-A,rv2_coarse,per_band
Ingress,1974-09-13 07:15:09.533,1974-09-13 07:15:11.458,6,589823.84375,1438829.0,-5.8403470054009805,0.0004847119412732906,Fornax-A,rv2_coarse,per_band
Ingress,1974-09-13 07:15:09.533,1974-09-13 07:15:11.458,7,548954.71875,1607442.0,-11.801451085673536,6.091369920401981e-05,Fornax-A,rv2_coarse,per_band
Ingress,1974-09-13 07:15:09.533,1974-09-13 07:15:11.458,8,1270036.5,882078.875,3.6835859480555997,0.015063939559878371,Fornax-A,rv2_coarse,per_band
Ingress,1974-09-13 07:15:09.533,1974-09-13 07:15:11.458,9,827487.4375,799579.03125,0.2383945290857548,0.5171623285673985,Fornax-A,rv2_coarse,per_band
Egress,1974-09-13 08:01:25.752,1974-09-13 08:01:27.677,1,58149328.0,60567296.0,0.9344812716535926,0.22710554084321138,Fornax-A,rv2_coarse,per_band
Egress,1974-09-13 08:01:25.752,1974-09-13 08:01:27.677,2,113764016.0,51912736.0,-10.467456659810557,2.851970611368599e-08,Fornax-A,rv2_coarse,per_band
Egress,1974-09-13 08:01:25.752,1974-09-13 08:01:27.677,3,39508240.0,12309613.0,-10.745851041580071,3.3858864420576696e-08,Fornax-A,rv2_coarse,per_band
Egress,1974-09-13 08:01:25.752,1974-09-13 08:01:27.677,4,11214600.0,5770282.0,-4.962047744861861,0.004072836623189813,Fornax-A,rv2_coarse,per_band
Egress,1974-09-13 08:01:25.752,1974-09-13 08:01:27.677,5,12177792.0,16546308.0,3.683127020072841,0.004941909740947592,Fornax-A,rv2_coarse,per_band
Egress,1974-09-13 08:01:25.752,1974-09-13 08:01:27.677,6,508581.5,497784.125,-1.3586605276138901,0.3584360800623393,Fornax-A,rv2_coarse,per_band
Egress,1974-09-13 08:01:25.752,1974-09-13 08:01:27.677,7,600549.375,551952.9375,-1.8052119767266803,0.01736047785181867,Fornax-A,rv2_coarse,per_band
Egress,1974-09-13 08:01:25.752,1974-09-13 08:01:27.677,8,801741.5,495606.125,-2.9981553793425357,0.007027909492558092,Fornax-A,rv2_coarse,per_band
Egress,1974-09-13 08:01:25.752,1974-09-13 08:01:27.677,9,939100.4375,847944.0625,-0.02307398520897222,0.9243200280199426,Fornax-A,rv2_coarse,per_band
Ingress,1974-09-13 10:57:04.404,1974-09-13 10:57:06.329,1,15402160.0,12440900.0,2.732885426076986,0.15320215857232364,Fornax-A,rv2_coarse,per_band
Ingress,1974-09-13 10:57:04.404,1974-09-13 10:57:06.329,2,44217304.0,36488448.0,3.024872749007843,0.09248555118122968,Fornax-A,rv2_coarse,per_band
Ingress,1974-09-13 10:57:04.404,1974-09-13 10:57:06.329,3,21554824.0,6573694.0,7.362331062398218,1.6920416827763878e-05,Fornax-A,rv2_coarse,per_band
Ingress,1974-09-13 10:57:04.404,1974-09-13 10:57:06.329,4,3739373.0,1783741.0,3.13402349065622,0.0012914087149125196,Fornax-A,rv2_coarse,per_band
Ingress,1974-09-13 10:57:04.404,1974-09-13 10:57:06.329,5,22601280.0,5789630.0,4.842889778578382,0.0017543708124795488,Fornax-A,rv2_coarse,per_band
Ingress,1974-09-13 10:57:04.404,1974-09-13 10:57:06.329,6,652971.5625,485148.25,6.0536806689815705,0.0013305726770800196,Fornax-A,rv2_coarse,per_band
Ingress,1974-09-13 10:57:04.404,1974-09-13 10:57:06.329,7,530099.25,466583.875,4.511699940374052,0.0017425263657419394,Fornax-A,rv2_coarse,per_band
Ingress,1974-09-13 10:57:04.404,1974-09-13 10:57:06.329,8,1063127.0,1063127.0,0.0,0.9537913316088475,Fornax-A,rv2_coarse,per_band
Ingress,1974-09-13 10:57:04.404,1974-09-13 10:57:06.329,9,977796.125,1744162.0,-5.249420535233774e-05,0.32986676930863235,Fornax-A,rv2_coarse,per_band
Egress,1974-09-13 11:43:16.865,1974-09-13 11:43:20.675,1,28113600.0,13967660.0,-22.648977313582613,1.8948468151866412e-08,Fornax-A,rv2_coarse,per_band
Egress,1974-09-13 11:43:16.865,1974-09-13 11:43:20.675,2,54368448.0,119962720.0,16.941945010960506,1.613413458971042e-08,Fornax-A,rv2_coarse,per_band
Egress,1974-09-13 11:43:16.865,1974-09-13 11:43:20.675,3,23187186.0,,,,Fornax-A,rv2_coarse,per_band
Egress,1974-09-13 11:43:16.865,1974-09-13 11:43:20.675,4,11809606.0,,,,Fornax-A,rv2_coarse,per_band
Egress,1974-09-13 11:43:16.865,1974-09-13 11:43:20.675,5,10096514.0,10179274.0,0.1272231530552194,0.6772082968495712,Fornax-A,rv2_coarse,per_band
Egress,1974-09-13 11:43:16.865,1974-09-13 11:43:20.675,6,481678.1875,677134.25,5.444050941842241,0.0013328737759956098,Fornax-A,rv2_coarse,per_band
Egress,1974-09-13 11:43:16.865,1974-09-13 11:43:20.675,7,445214.0625,499885.4375,2.013834234705373,0.08389103723903978,Fornax-A,rv2_coarse,per_band
Egress,1974-09-13 11:43:16.865,1974-09-13 11:43:20.675,8,498764.5,623337.3125,3.153370812063121,0.0838458367987921,Fornax-A,rv2_coarse,per_band
Egress,1974-09-13 11:43:16.865,1974-09-13 11:43:20.675,9,574386.1875,1083707.0,4.776498028171025,0.005708466882575682,Fornax-A,rv2_coarse,per_band
Ingress,1974-09-13 14:39:01.300,1974-09-13 14:39:03.225,1,12523778.0,,,,Fornax-A,rv2_coarse,per_band
Ingress,1974-09-13 14:39:01.300,1974-09-13 14:39:03.225,2,31078944.0,30673888.0,0.1508541968823462,0.9359047334396762,Fornax-A,rv2_coarse,per_band
Ingress,1974-09-13 14:39:01.300,1974-09-13 14:39:03.225,3,6105797.0,5453371.0,2.074746369291427,0.19124833808589758,Fornax-A,rv2_coarse,per_band
Ingress,1974-09-13 14:39:01.300,1974-09-13 14:39:03.225,4,2463965.0,3860891.0,-4.851952370078687,0.004933996315368463,Fornax-A,rv2_coarse,per_band
Ingress,1974-09-13 14:39:01.300,1974-09-13 14:39:03.225,5,11808345.0,25997648.0,-11.819578774341068,2.1992121185434637e-06,Fornax-A,rv2_coarse,per_band
Ingress,1974-09-13 14:39:01.300,1974-09-13 14:39:03.225,6,635428.5,2225153.0,-18.50039764329875,1.3951082433955635e-06,Fornax-A,rv2_coarse,per_band
Ingress,1974-09-13 14:39:01.300,1974-09-13 14:39:03.225,7,502495.625,1357073.0,-16.767898483640305,2.968827280386769e-06,Fornax-A,rv2_coarse,per_band
Ingress,1974-09-13 14:39:01.300,1974-09-13 14:39:03.225,8,922275.375,991652.4375,-0.19383141869293652,0.5497508310909385,Fornax-A,rv2_coarse,per_band
Ingress,1974-09-13 14:39:01.300,1974-09-13 14:39:03.225,9,451100.46875,434963.03125,,,Fornax-A,rv2_coarse,per_band
Egress,1974-09-13 15:25:19.488,1974-09-13 15:25:21.413,1,0.0,0.0,0.0,,Fornax-A,rv2_coarse,per_band
Egress,1974-09-13 15:25:19.488,1974-09-13 15:25:21.413,2,208956544.0,1198816256.0,0.44093793677375687,0.3076361077848784,Fornax-A,rv2_coarse,per_band
Egress,1974-09-13 15:25:19.488,1974-09-13 15:25:21.413,3,482941952.0,829041408.0,5.380265768485535,0.00014904394822649425,Fornax-A,rv2_coarse,per_band
Egress,1974-09-13 15:25:19.488,1974-09-13 15:25:21.413,4,17144640.0,290861312.0,24.435674181033093,4.477334435352949e-12,Fornax-A,rv2_coarse,per_band
Egress,1974-09-13 15:25:19.488,1974-09-13 15:25:21.413,5,28877952.0,54742640.0,1.2157260970608486,0.0844746018356762,Fornax-A,rv2_coarse,per_band
Egress,1974-09-13 15:25:19.488,1974-09-13 15:25:21.413,6,1370415.5,1583346.0,0.7885395315340124,0.662524530180955,Fornax-A,rv2_coarse,per_band
Egress,1974-09-13 15:25:19.488,1974-09-13 15:25:21.413,7,1572553.59375,1763513.0,0.7750230159621214,0.6235137470022271,Fornax-A,rv2_coarse,per_band
Egress,1974-09-13 15:25:19.488,1974-09-13 15:25:21.413,8,1143790.59375,943198.8125,-0.07246020168724977,0.44219637657674404,Fornax-A,rv2_coarse,per_band
Egress,1974-09-13 15:25:19.488,1974-09-13 15:25:21.413,9,513773.125,356044.875,-2.5687534906516207,0.02267785817274686,Fornax-A,rv2_coarse,per_band
Ingress,1974-09-13 18:20:58.192,1974-09-13 18:21:00.117,1,14921226.0,14707101.5,0.11128065406370893,0.4959077561579628,Fornax-A,rv2_coarse,per_band
Ingress,1974-09-13 18:20:58.192,1974-09-13 18:21:00.117,2,,17551046.5,,,Fornax-A,rv2_coarse,per_band
Ingress,1974-09-13 18:20:58.192,1974-09-13 18:21:00.117,3,4320460.0,4551224.0,,,Fornax-A,rv2_coarse,per_band
Ingress,1974-09-13 18:20:58.192,1974-09-13 18:21:00.117,4,1248267.0,2614344.0,-21.311935412829634,3.092238876200145e-07,Fornax-A,rv2_coarse,per_band
Ingress,1974-09-13 18:20:58.192,1974-09-13 18:21:00.117,5,7265086.0,19363488.0,-7.31246532245998,0.00014676278453262993,Fornax-A,rv2_coarse,per_band
Ingress,1974-09-13 18:20:58.192,1974-09-13 18:21:00.117,6,504600.9375,580125.0625,-4.928746533651173,0.0006778696371329393,Fornax-A,rv2_coarse,per_band
Ingress,1974-09-13 18:20:58.192,1974-09-13 18:21:00.117,7,445214.0625,600148.625,-7.19749248512321,0.0003795356922599583,Fornax-A,rv2_coarse,per_band
Ingress,1974-09-13 18:20:58.192,1974-09-13 18:21:00.117,8,695629.75,358646.125,1.3300163501166087,0.387494659178065,Fornax-A,rv2_coarse,per_band
Ingress,1974-09-13 18:20:58.192,1974-09-13 18:21:00.117,9,596894.53125,772933.46875,-2.188977449843265,0.0872442936318512,Fornax-A,rv2_coarse,per_band
Egress,1974-09-13 19:07:16.383,1974-09-13 19:07:18.308,1,7550403.0,7550403.0,0.0,0.10044450480645832,Fornax-A,rv2_coarse,per_band
Egress,1974-09-13 19:07:16.383,1974-09-13 19:07:18.308,2,11483875.0,19213392.0,4.574549301516495,0.00018078067502968535,Fornax-A,rv2_coarse,per_band
Egress,1974-09-13 19:07:16.383,1974-09-13 19:07:18.308,3,5148898.0,3776384.0,-8.993490203078753,4.001846362240683e-06,Fornax-A,rv2_coarse,per_band
Egress,1974-09-13 19:07:16.383,1974-09-13 19:07:18.308,4,2825917.0,1944532.0,-7.502930828731348,1.18268177662682e-06,Fornax-A,rv2_coarse,per_band
Egress,1974-09-13 19:07:16.383,1974-09-13 19:07:18.308,5,6272878.0,5759770.0,-1.743162241674061,0.018366063940202935,Fornax-A,rv2_coarse,per_band
Egress,1974-09-13 19:07:16.383,1974-09-13 19:07:18.308,6,475950.25,475950.25,0.0,0.2934123497249766,Fornax-A,rv2_coarse,per_band
Egress,1974-09-13 19:07:16.383,1974-09-13 19:07:18.308,7,465997.3125,511504.6875,2.4026783593878713,0.3867602630993986,Fornax-A,rv2_coarse,per_band
Egress,1974-09-13 19:07:16.383,1974-09-13 19:07:18.308,8,710704.0625,452717.5,-4.451097148334067,0.0003854192589920087,Fornax-A,rv2_coarse,per_band
Egress,1974-09-13 19:07:16.383,1974-09-13 19:07:18.308,9,327548.5,339884.84375,0.3914613630191815,0.43219206931885423,Fornax-A,rv2_coarse,per_band
Ingress,1974-09-13 22:02:53.137,1974-09-13 22:02:55.062,1,7639995.0,4334839.0,8.115414937196872,1.1728239225451614e-05,Fornax-A,rv2_coarse,per_band
Ingress,1974-09-13 22:02:53.137,1974-09-13 22:02:55.062,2,11563399.5,7448502.0,13.078908856450306,2.967826223179011e-10,Fornax-A,rv2_coarse,per_band
Ingress,1974-09-13 22:02:53.137,1974-09-13 22:02:55.062,3,2761345.5,2561507.0,1.9141181505638298,0.007174706641728274,Fornax-A,rv2_coarse,per_band
Ingress,1974-09-13 22:02:53.137,1974-09-13 22:02:55.062,4,1428146.0,1542426.0,-3.2299304892141656,0.011963964167579697,Fornax-A,rv2_coarse,per_band
Ingress,1974-09-13 22:02:53.137,1974-09-13 22:02:55.062,5,5808378.0,7721867.0,-5.832976603153752,2.383765970321304e-05,Fornax-A,rv2_coarse,per_band
Ingress,1974-09-13 22:02:53.137,1974-09-13 22:02:55.062,6,610701.6875,893868.375,-8.044004716945153,0.00011964220402119903,Fornax-A,rv2_coarse,per_band
Ingress,1974-09-13 22:02:53.137,1974-09-13 22:02:55.062,7,440535.1875,733037.75,-19.997761963085516,4.947300681946078e-08,Fornax-A,rv2_coarse,per_band
Ingress,1974-09-13 22:02:53.137,1974-09-13 22:02:55.062,8,1211164.0,717455.65625,1.7567144782865405,0.4776185363038308,Fornax-A,rv2_coarse,per_band
Ingress,1974-09-13 22:02:53.137,1974-09-13 22:02:55.062,9,408184.90625,517671.875,-2.267413124641687,0.05059546808060289,Fornax-A,rv2_coarse,per_band
Egress,1974-09-13 22:49:11.329,1974-09-13 22:49:13.254,1,12669471.0,10955817.0,-3.649142141037308,0.005117475663496508,Fornax-A,rv2_coarse,per_band
Egress,1974-09-13 22:49:11.329,1974-09-13 22:49:13.254,2,13372239.0,8686127.0,-10.686991932986302,3.676982883839237e-09,Fornax-A,rv2_coarse,per_band
Egress,1974-09-13 22:49:11.329,1974-09-13 22:49:13.254,3,5463734.0,2999733.0,-4.702213571432852,0.0003522028662326437,Fornax-A,rv2_coarse,per_band
Egress,1974-09-13 22:49:11.329,1974-09-13 22:49:13.254,4,4161608.0,1903476.0,-5.322646351144708,0.0037308224978309296,Fornax-A,rv2_coarse,per_band
Egress,1974-09-13 22:49:11.329,1974-09-13 22:49:13.254,5,10899458.0,6773361.0,-8.822225847177155,4.745814749799063e-05,Fornax-A,rv2_coarse,per_band
Egress,1974-09-13 22:49:11.329,1974-09-13 22:49:13.254,6,535650.625,509773.4375,-1.329154900769547,0.28090277692814375,Fornax-A,rv2_coarse,per_band
Egress,1974-09-13 22:49:11.329,1974-09-13 22:49:13.254,7,499062.8125,466583.875,-2.4029933532913783,0.006690860687503431,Fornax-A,rv2_coarse,per_band
Egress,1974-09-13 22:49:11.329,1974-09-13 22:49:13.254,8,726379.90625,953099.125,1.4674128338215722,0.19608824645470768,Fornax-A,rv2_coarse,per_band
Egress,1974-09-13 22:49:11.329,1974-09-13 22:49:13.254,9,616400.21875,447375.75,-1.498033768542969,0.7204854725250227,Fornax-A,rv2_coarse,per_band
Egress,1974-09-14 00:11:31.838,1974-09-14 00:13:55.389,1,14507457.0,23981800.5,3.6895141714194333,0.002114130384948879,Fornax-A,rv2_coarse,per_band
Egress,1974-09-14 00:11:31.838,1974-09-14 00:13:55.389,2,53940704.0,19722816.0,-3.8905073745639953,0.0005479896087842513,Fornax-A,rv2_coarse,per_band
Egress,1974-09-14 00:11:31.838,1974-09-14 00:13:55.389,3,9935754.0,7654420.0,-1.0475723670841992,0.04464567425997666,Fornax-A,rv2_coarse,per_band
Egress,1974-09-14 00:11:31.838,1974-09-14 00:13:55.389,4,2245248.0,9832426.0,4.986407444389037,0.027742768235589292,Fornax-A,rv2_coarse,per_band
Egress,1974-09-14 00:11:31.838,1974-09-14 00:13:55.389,5,18478192.0,23473312.0,0.7340819271237071,0.14016909656945822,Fornax-A,rv2_coarse,per_band
Egress,1974-09-14 00:11:31.838,1974-09-14 00:13:55.389,6,1069770.0,590928.125,-11.920024389410543,1.4476100596088293e-05,Fornax-A,rv2_coarse,per_band
Egress,1974-09-14 00:11:31.838,1974-09-14 00:13:55.389,7,4054445.0,906017.625,-5.41158983289951,0.0023224701199646585,Fornax-A,rv2_coarse,per_band
Egress,1974-09-14 00:11:31.838,1974-09-14 00:13:55.389,8,3289878.0,446920.3125,-5.901386283122287,0.003919745609721976,Fornax-A,rv2_coarse,per_band
Egress,1974-09-14 00:11:31.838,1974-09-14 00:13:55.389,9,1140008.0,468871.25,-3.9885832821569216,0.016325596951092234,Fornax-A,rv2_coarse,per_band
Ingress,1974-09-14 01:44:59.654,1974-09-14 01:45:03.463,1,4575443.0,4395698.0,1.2396425892716374,0.02176781634755461,Fornax-A,rv2_coarse,per_band
Ingress,1974-09-14 01:44:59.654,1974-09-14 01:45:03.463,2,11359440.0,6962865.0,9.66154093585817,2.0115539436335522e-05,Fornax-A,rv2_coarse,per_band
Ingress,1974-09-14 01:44:59.654,1974-09-14 01:45:03.463,3,2464729.0,2293713.0,2.0659554462785867,0.1152234240194596,Fornax-A,rv2_coarse,per_band
Ingress,1974-09-14 01:44:59.654,1974-09-14 01:45:03.463,4,1558157.0,1771457.0,-2.5229162567674974,0.022961101428569088,Fornax-A,rv2_coarse,per_band
Ingress,1974-09-14 01:44:59.654,1974-09-14 01:45:03.463,5,7795793.0,9271022.0,-2.279660478724676,0.07025703526782771,Fornax-A,rv2_coarse,per_band
Ingress,1974-09-14 01:44:59.654,1974-09-14 01:45:03.463,6,550780.875,799317.90625,-5.180105623580873,4.5010559511980256e-05,Fornax-A,rv2_coarse,per_band
Ingress,1974-09-14 01:44:59.654,1974-09-14 01:45:03.463,7,528632.1875,534575.375,-0.277126326508393,0.02838919385127952,Fornax-A,rv2_coarse,per_band
Ingress,1974-09-14 01:44:59.654,1974-09-14 01:45:03.463,8,835533.34375,1597403.0,-0.31150443579019055,0.17785136341348837,Fornax-A,rv2_coarse,per_band
Ingress,1974-09-14 01:44:59.654,1974-09-14 01:45:03.463,9,533768.96875,961003.125,-3.1719088554820356,0.03260536429661887,Fornax-A,rv2_coarse,per_band
Egress,1974-09-14 02:30:27.916,1974-09-14 02:30:29.841,1,5622022.0,2849537.0,-11.358744305232308,8.482382610595927e-06,Fornax-A,rv2_coarse,per_band
Egress,1974-09-14 02:30:27.916,1974-09-14 02:30:29.841,2,8763701.0,8141222.0,,,Fornax-A,rv2_coarse,per_band
Egress,1974-09-14 02:30:27.916,1974-09-14 02:30:29.841,3,3072644.5,,,,Fornax-A,rv2_coarse,per_band
Egress,1974-09-14 02:30:27.916,1974-09-14 02:30:29.841,4,2576214.5,2995739.0,,,Fornax-A,rv2_coarse,per_band
Egress,1974-09-14 02:30:27.916,1974-09-14 02:30:29.841,5,8935309.5,8582900.0,-0.6022060903980146,0.26127381742621225,Fornax-A,rv2_coarse,per_band
Egress,1974-09-14 02:30:27.916,1974-09-14 02:30:29.841,6,497784.125,512557.0,1.8716749259730407,0.00632907065687423,Fornax-A,rv2_coarse,per_band
Egress,1974-09-14 02:30:27.916,1974-09-14 02:30:29.841,7,505661.6875,576300.9375,2.5636122480127317,0.16045457180556,Fornax-A,rv2_coarse,per_band
Egress,1974-09-14 02:30:27.916,1974-09-14 02:30:29.841,8,801741.5,932440.5,1.7070913935653993,0.9911056226416962,Fornax-A,rv2_coarse,per_band
Egress,1974-09-14 02:30:27.916,1974-09-14 02:30:29.841,9,869124.3125,752691.8125,,,Fornax-A,rv2_coarse,per_band
Ingress,1974-09-14 05:26:56.529,1974-09-14 05:27:00.339,1,2509449.0,4592589.0,-16.256845126627038,4.761103643956269e-08,Fornax-A,rv2_coarse,per_band
Ingress,1974-09-14 05:26:56.529,1974-09-14 05:27:00.339,2,11144999.0,12116811.0,-2.954486760753723,0.0702294385522399,Fornax-A,rv2_coarse,per_band
Ingress,1974-09-14 05:26:56.529,1974-09-14 05:27:00.339,3,3395064.0,3253349.0,0.8623956133529562,0.22269612042250697,Fornax-A,rv2_coarse,per_band
Ingress,1974-09-14 05:26:56.529,1974-09-14 05:27:00.339,4,3860891.0,1851587.0,15.043689775699518,6.08674571399137e-06,Fornax-A,rv2_coarse,per_band
Ingress,1974-09-14 05:26:56.529,1974-09-14 05:27:00.339,5,18398288.0,9124921.0,1.8666599436575595,0.046013102678227065,Fornax-A,rv2_coarse,per_band
Ingress,1974-09-14 05:26:56.529,1974-09-14 05:27:00.339,6,705959.65625,,,,Fornax-A,rv2_coarse,per_band
Ingress,1974-09-14 05:26:56.529,1974-09-14 05:27:00.339,7,528270.3125,,,,Fornax-A,rv2_coarse,per_band
Ingress,1974-09-14 05:26:56.529,1974-09-14 05:27:00.339,8,534325.125,286040.0,0.18353179805782038,0.3301702058799588,Fornax-A,rv2_coarse,per_band
Ingress,1974-09-14 05:26:56.529,1974-09-14 05:27:00.339,9,543148.28125,905502.40625,-1.1896718689482795,0.36839023880069177,Fornax-A,rv2_coarse,per_band
Egress,1974-09-14 06:13:05.100,1974-09-14 06:13:07.025,1,2664008.0,2818228.0,1.717320514724848,0.5743374132369313,Fornax-A,rv2_coarse,per_band
Egress,1974-09-14 06:13:05.100,1974-09-14 06:13:07.025,2,7534140.0,5890582.0,-3.4994160073370315,0.011262488854617293,Fornax-A,rv2_coarse,per_band
Egress,1974-09-14 06:13:05.100,1974-09-14 06:13:07.025,3,4470409.0,3937945.0,-1.270204927377666,0.01547576745619502,Fornax-A,rv2_coarse,per_band
Egress,1974-09-14 06:13:05.100,1974-09-14 06:13:07.025,4,2766399.5,2711734.0,-0.4434738853903158,0.3517325570594274,Fornax-A,rv2_coarse,per_band
Egress,1974-09-14 06:13:05.100,1974-09-14 06:13:07.025,5,6278306.0,6278306.0,0.0,0.07015035046612292,Fornax-A,rv2_coarse,per_band
Egress,1974-09-14 06:13:05.100,1974-09-14 06:13:07.025,6,480527.9375,480527.9375,0.0,0.33785341126471335,Fornax-A,rv2_coarse,per_band
Egress,1974-09-14 06:13:05.100,1974-09-14 06:13:07.025,7,449296.8125,528632.1875,4.737988407757916,0.010233412959651557,Fornax-A,rv2_coarse,per_band
Egress,1974-09-14 06:13:05.100,1974-09-14 06:13:07.025,8,995802.375,940317.3125,-0.5981122870500802,0.4984407996775393,Fornax-A,rv2_coarse,per_band
Egress,1974-09-14 06:13:05.100,1974-09-14 06:13:07.025,9,799150.6875,641007.9375,-0.898437018527779,0.6743145234058836,Fornax-A,rv2_coarse,per_band
Egress,1974-09-14 09:54:58.181,1974-09-14 09:55:03.916,1,29330960.5,12915609.0,-1.7804967629743897,0.025545483318254417,Fornax-A,rv2_coarse,per_band
Egress,1974-09-14 09:54:58.181,1974-09-14 09:55:03.916,2,30860968.0,29085792.0,-1.2085562708890683,0.494609457458706,Fornax-A,rv2_coarse,per_band
Egress,1974-09-14 09:54:58.181,1974-09-14 09:55:03.916,3,6672167.0,12358433.0,13.267716356392404,1.0388884684802878e-06,Fornax-A,rv2_coarse,per_band
Egress,1974-09-14 09:54:58.181,1974-09-14 09:55:03.916,4,4002046.0,5038866.0,5.41299241786603,0.0032182854382337414,Fornax-A,rv2_coarse,per_band
Egress,1974-09-14 09:54:58.181,1974-09-14 09:55:03.916,5,13208787.0,9292124.0,-6.029132483851529,0.001656428676466805,Fornax-A,rv2_coarse,per_band
Egress,1974-09-14 09:54:58.181,1974-09-14 09:55:03.916,6,652013.3125,479379.0625,-2.0067968564210483,0.5237565365327199,Fornax-A,rv2_coarse,per_band
Egress,1974-09-14 09:54:58.181,1974-09-14 09:55:03.916,7,753714.0,453414.875,-4.206350781515809,0.0064385042964438,Fornax-A,rv2_coarse,per_band
Egress,1974-09-14 09:54:58.181,1974-09-14 09:55:03.916,8,892594.875,622053.375,-1.2512556864356126,0.5741067792780774,Fornax-A,rv2_coarse,per_band
Egress,1974-09-14 09:54:58.181,1974-09-14 09:55:03.916,9,1250211.0,460036.09375,-6.25923748844872,0.0008703306878700954,Fornax-A,rv2_coarse,per_band
Ingress,1974-09-14 12:50:50.303,1974-09-14 12:50:54.113,1,4226527.0,6515450.0,-2.1121118153564784,0.09014810771219432,Fornax-A,rv2_coarse,per_band
Ingress,1974-09-14 12:50:50.303,1974-09-14 12:50:54.113,2,30837200.0,58754928.0,-12.036256916266181,3.0644833661508255e-05,Fornax-A,rv2_coarse,per_band
Ingress,1974-09-14 12:50:50.303,1974-09-14 12:50:54.113,3,7501733.0,15109326.0,-16.37525830626358,2.644012582738295e-08,Fornax-A,rv2_coarse,per_band
Ingress,1974-09-14 12:50:50.303,1974-09-14 12:50:54.113,4,1378764.0,8247642.0,-6.622774049065423,0.0003730653868962512,Fornax-A,rv2_coarse,per_band
Ingress,1974-09-14 12:50:50.303,1974-09-14 12:50:54.113,5,5782148.0,19199040.0,-20.396803411511534,6.132704394424102e-12,Fornax-A,rv2_coarse,per_band
Ingress,1974-09-14 12:50:50.303,1974-09-14 12:50:54.113,6,530949.75,904369.6875,-19.254375507220743,2.0834688212731e-13,Fornax-A,rv2_coarse,per_band
Ingress,1974-09-14 12:50:50.303,1974-09-14 12:50:54.113,7,539014.71875,554755.125,-0.3184602941817393,0.4665062321361916,Fornax-A,rv2_coarse,per_band
Ingress,1974-09-14 12:50:50.303,1974-09-14 12:50:54.113,8,801840.1875,1535225.0,-1.3789808111165955,0.32826275865192217,Fornax-A,rv2_coarse,per_band
Ingress,1974-09-14 12:50:50.303,1974-09-14 12:50:54.113,9,886154.96875,520330.84375,3.3370364252769447,0.0008334167622173769,Fornax-A,rv2_coarse,per_band
Egress,1974-09-14 13:36:58.877,1974-09-14 13:37:00.802,1,11181793.0,38592432.0,8.768292630754877,3.062715562049232e-05,Fornax-A,rv2_coarse,per_band
Egress,1974-09-14 13:36:58.877,1974-09-14 13:37:00.802,2,53632640.0,21699984.0,-19.166358015487972,5.97240652740527e-08,Fornax-A,rv2_coarse,per_band
Egress,1974-09-14 13:36:58.877,1974-09-14 13:37:00.802,3,29555104.0,11391378.0,-8.866655808668341,0.0001912285540373992,Fornax-A,rv2_coarse,per_band
Egress,1974-09-14 13:36:58.877,1974-09-14 13:37:00.802,4,5657456.0,4778434.0,-4.220431174901002,0.006697586386907423,Fornax-A,rv2_coarse,per_band
Egress,1974-09-14 13:36:58.877,1974-09-14 13:37:00.802,5,5767207.0,7297139.0,4.278873197871394,0.00011679868085528097,Fornax-A,rv2_coarse,per_band
Egress,1974-09-14 13:36:58.877,1974-09-14 13:37:00.802,6,478233.875,478233.875,0.0,0.02578773976144745,Fornax-A,rv2_coarse,per_band
Egress,1974-09-14 13:36:58.877,1974-09-14 13:37:00.802,7,499885.4375,499885.4375,0.0,0.3936187784139179,Fornax-A,rv2_coarse,per_band
Egress,1974-09-14 13:36:58.877,1974-09-14 13:37:00.802,8,1084240.875,623337.3125,-6.03678180260776,5.885398575951447e-06,Fornax-A,rv2_coarse,per_band
Egress,1974-09-14 13:36:58.877,1974-09-14 13:37:00.802,9,459276.09375,382532.40625,-1.0652849010578362,0.012227595011456847,Fornax-A,rv2_coarse,per_band
